audio_id,audio_name,year,month,day,type,duration_min,audio_r2_url,audio_drive_url,transcript_id,transcript_name,transcript_r2_url,transcript_drive_url,mapping_confidence,match_reason
"a_19","0001--5711-Shvat 10 Sicha 1.mp3","5711","Shevat",10,"",10.8,"https://audio.kohnai.ai/training/0001--5711-Shvat%2010%20Sicha%201.mp3","https://drive.google.com/file/d/1au0aoX-xijbwnOYso8W_vLceS2JeE8tR/view","t_1010","10 Shevat 5711 - Maamar Basi Lgani.DOC","/api/transcript?name=10%20Shevat%205711%20-%20Maamar%20Basi%20Lgani.txt","https://drive.google.com/file/d/1UfqdR4pllJkyzwIlZLJ6bWl3-1KoShIB/view",0.95,"50hr-selected"
"a_20","0016--5711-Tamuz 12b Mamar.mp3","5711","Tamuz",12,"",11.28,"https://audio.kohnai.ai/training/0016--5711-Tamuz%2012b%20Mamar.mp3","https://drive.google.com/file/d/15PawE7EfK4nSLqXJt8JmQMz3UxdncqRU/view","t_997","12 Tammuz 5711 Sicha 1.docx","/api/transcript?name=12%20Tammuz%205711%20Sicha%201.txt","https://drive.google.com/file/d/1hdWpvm5nOkPFvsGVDi5vzJIEdKenw5cv/view",0.95,"50hr-selected"
"a_14","0020--5711-Tamuz 12f Sicha 5.mp3","5711","Tamuz",12,"",9.42,"https://audio.kohnai.ai/training/0020--5711-Tamuz%2012f%20Sicha%205.mp3","https://drive.google.com/file/d/1D1qNpUJrNg5Oc8Vs6br-eJEEQk496DxF/view","t_997","12 Tammuz 5711 Sicha 1.docx","/api/transcript?name=12%20Tammuz%205711%20Sicha%201.txt","https://drive.google.com/file/d/1hdWpvm5nOkPFvsGVDi5vzJIEdKenw5cv/view",0.95,"50hr-selected"
"a_15","0021--5711-Tamuz 12g Sicha 6.mp3","5711","Tamuz",12,"",18.36,"https://audio.kohnai.ai/training/0021--5711-Tamuz%2012g%20Sicha%206.mp3","https://drive.google.com/file/d/1IliyhfzZTkPzJuhlUzaXkyqBC4hB9sOD/view","t_997","12 Tammuz 5711 Sicha 1.docx","/api/transcript?name=12%20Tammuz%205711%20Sicha%201.txt","https://drive.google.com/file/d/1hdWpvm5nOkPFvsGVDi5vzJIEdKenw5cv/view",0.95,"50hr-selected"
"a_55","0050--5712-Tevet 24b Sicha 2.mp3","5712","Teves",24,"",4.51,"https://audio.kohnai.ai/training/0050--5712-Tevet%2024b%20Sicha%202.mp3","https://drive.google.com/file/d/1OgPPemFu2baYliXUmbccEG9IU8LVQNdm/view","t_1005","24 Teves 5712 excerpt.docx","/api/transcript?name=24%20Teves%205712%20excerpt.txt","https://drive.google.com/file/d/1UCj2W_JDEU0M19_B6PZ1FUd8WzCDsU8J/view",0.95,"50hr-selected"
"a_54","0051--5712-Tevet 24c Sicha 3.mp3","5712","Teves",24,"",6.42,"https://audio.kohnai.ai/training/0051--5712-Tevet%2024c%20Sicha%203.mp3","https://drive.google.com/file/d/1L3wUTRP8pwyO-j4C6yCwJaT8eirh80pa/view","t_1005","24 Teves 5712 excerpt.docx","/api/transcript?name=24%20Teves%205712%20excerpt.txt","https://drive.google.com/file/d/1UCj2W_JDEU0M19_B6PZ1FUd8WzCDsU8J/view",0.95,"50hr-selected"
"a_52","0052--5712-Tevet 24d Sicha 4.mp3","5712","Teves",24,"",7.03,"https://audio.kohnai.ai/training/0052--5712-Tevet%2024d%20Sicha%204.mp3","https://drive.google.com/file/d/1V-dok4fgMjC3y9xNcykid7asCRs-C-OQ/view","t_1005","24 Teves 5712 excerpt.docx","/api/transcript?name=24%20Teves%205712%20excerpt.txt","https://drive.google.com/file/d/1UCj2W_JDEU0M19_B6PZ1FUd8WzCDsU8J/view",0.95,"50hr-selected"
"a_53","0053--5712-Tevet 24e Sicha 5.mp3","5712","Teves",24,"",9.09,"https://audio.kohnai.ai/training/0053--5712-Tevet%2024e%20Sicha%205.mp3","https://drive.google.com/file/d/1VBY-zpt4u5NdGU3FJdXOT3g8FM73OzJc/view","t_1005","24 Teves 5712 excerpt.docx","/api/transcript?name=24%20Teves%205712%20excerpt.txt","https://drive.google.com/file/d/1UCj2W_JDEU0M19_B6PZ1FUd8WzCDsU8J/view",0.95,"50hr-selected"
"a_50","0055--5712-Shvat 10 Mamar.mp3","5712","Shevat",10,"",20.92,"https://audio.kohnai.ai/training/0055--5712-Shvat%2010%20Mamar.mp3","https://drive.google.com/file/d/15dl5UGd20oBzYEC8mXRKrMW36nQeltTx/view","t_998","10 Shevat 5712 Sicha 1.docx","/api/transcript?name=10%20Shevat%205712%20Sicha%201.txt","https://drive.google.com/file/d/1ZXfM4_y4gS2_WUrY-qIIY_plpB4Dalzl/view",0.95,"50hr-selected"
"a_48","0056--5712-Shvat 10b Sicha 1.mp3","5712","Shevat",10,"",11.22,"https://audio.kohnai.ai/training/0056--5712-Shvat%2010b%20Sicha%201.mp3","https://drive.google.com/file/d/1HwYObu2B9Ijr8Fve3LhSjGHS0-jOLK4s/view","t_998","10 Shevat 5712 Sicha 1.docx","/api/transcript?name=10%20Shevat%205712%20Sicha%201.txt","https://drive.google.com/file/d/1ZXfM4_y4gS2_WUrY-qIIY_plpB4Dalzl/view",0.95,"50hr-selected"
"a_46","0058--5712-Shvat 10d Sicha 3.mp3","5712","Shevat",10,"",9.09,"https://audio.kohnai.ai/training/0058--5712-Shvat%2010d%20Sicha%203.mp3","https://drive.google.com/file/d/1VfZmcuUrQxcKzqzbo0gy01sLN2JP_X9P/view","t_998","10 Shevat 5712 Sicha 1.docx","/api/transcript?name=10%20Shevat%205712%20Sicha%201.txt","https://drive.google.com/file/d/1ZXfM4_y4gS2_WUrY-qIIY_plpB4Dalzl/view",0.95,"50hr-selected"
"a_47","0059--5712-Shvat 10e Sicha 4.mp3","5712","Shevat",10,"",4.2,"https://audio.kohnai.ai/training/0059--5712-Shvat%2010e%20Sicha%204.mp3","https://drive.google.com/file/d/1wQWKfk3yIJ9rb_D7mE3jPFRjuUA4fVYR/view","t_998","10 Shevat 5712 Sicha 1.docx","/api/transcript?name=10%20Shevat%205712%20Sicha%201.txt","https://drive.google.com/file/d/1ZXfM4_y4gS2_WUrY-qIIY_plpB4Dalzl/view",0.95,"50hr-selected"
"a_45","0060--5712-Shvat 10f Sicha 5.mp3","5712","Shevat",10,"",5.12,"https://audio.kohnai.ai/training/0060--5712-Shvat%2010f%20Sicha%205.mp3","https://drive.google.com/file/d/1OIQkMFTUpcLu3TRB36n8Lg5MgVMwsirK/view","t_998","10 Shevat 5712 Sicha 1.docx","/api/transcript?name=10%20Shevat%205712%20Sicha%201.txt","https://drive.google.com/file/d/1ZXfM4_y4gS2_WUrY-qIIY_plpB4Dalzl/view",0.95,"50hr-selected"
"a_126","0088--5714-Shvat 10 Mamar.mp3","5714","Shevat",10,"",22.07,"https://audio.kohnai.ai/training/0088--5714-Shvat%2010%20Mamar.mp3","https://drive.google.com/file/d/1Gjm4Qv8sbRKjagRVNu3qWDx57mGJLzxY/view","t_1009","10 Shevat 5714 - Sichos 1, 2, 3.docx","/api/transcript?name=10%20Shevat%205714%20-%20Sichos%201%2C%202%2C%203.txt","https://drive.google.com/file/d/1GZlnKyHZGr7YVk8DDksnH9YEhAQosmwX/view",0.95,"50hr-selected"
"a_122","0091--5714-Shvat 10d Sicha 3.mp3","5714","Shevat",10,"",9,"https://audio.kohnai.ai/training/0091--5714-Shvat%2010d%20Sicha%203.mp3","https://drive.google.com/file/d/1QCxkHpKNYTmN6FK4PRkIATtfrFIo6Ydk/view","t_1009","10 Shevat 5714 - Sichos 1, 2, 3.docx","/api/transcript?name=10%20Shevat%205714%20-%20Sichos%201%2C%202%2C%203.txt","https://drive.google.com/file/d/1GZlnKyHZGr7YVk8DDksnH9YEhAQosmwX/view",0.95,"50hr-selected"
"a_123","0092--5714-Shvat 10e Sicha 4.mp3","5714","Shevat",10,"",7.45,"https://audio.kohnai.ai/training/0092--5714-Shvat%2010e%20Sicha%204.mp3","https://drive.google.com/file/d/1li06Qo0iu0Tu5gguUqqUOjn8yuMwki1n/view","t_1009","10 Shevat 5714 - Sichos 1, 2, 3.docx","/api/transcript?name=10%20Shevat%205714%20-%20Sichos%201%2C%202%2C%203.txt","https://drive.google.com/file/d/1GZlnKyHZGr7YVk8DDksnH9YEhAQosmwX/view",0.95,"50hr-selected"
"a_119","0094--5714-Shvat 10g Sicha 6.mp3","5714","Shevat",10,"",11.21,"https://audio.kohnai.ai/training/0094--5714-Shvat%2010g%20Sicha%206.mp3","https://drive.google.com/file/d/13XxRiL2-3HYN4p73NZmYQHKzVa0qy2dd/view","t_1009","10 Shevat 5714 - Sichos 1, 2, 3.docx","/api/transcript?name=10%20Shevat%205714%20-%20Sichos%201%2C%202%2C%203.txt","https://drive.google.com/file/d/1GZlnKyHZGr7YVk8DDksnH9YEhAQosmwX/view",0.95,"50hr-selected"
"a_117","0097--5714-Tamuz 12b Mamar.mp3","5714","Tamuz",12,"",19.51,"https://audio.kohnai.ai/training/0097--5714-Tamuz%2012b%20Mamar.mp3","https://drive.google.com/file/d/1AHY_KipzVe_ZbdzzKVZJtQvKaVF4mAm9/view","t_1003","12 Tammuz 5714 Sicha 9.docx","/api/transcript?name=12%20Tammuz%205714%20Sicha%209.txt","https://drive.google.com/file/d/1kpwHYSbaXEa9YlTA4B_wQ0P6gGfLNYCt/view",0.95,"50hr-selected"
"a_114","0100--5714-Tamuz 12e Sicha 4.mp3","5714","Tamuz",12,"",12.95,"https://audio.kohnai.ai/training/0100--5714-Tamuz%2012e%20Sicha%204.mp3","https://drive.google.com/file/d/1GzjAIFkp8mxvymIntB_8c69LeOYn1Epx/view","t_1003","12 Tammuz 5714 Sicha 9.docx","/api/transcript?name=12%20Tammuz%205714%20Sicha%209.txt","https://drive.google.com/file/d/1kpwHYSbaXEa9YlTA4B_wQ0P6gGfLNYCt/view",0.95,"50hr-selected"
"a_111","0102--5714-Tamuz 12g Sicha 6.mp3","5714","Tamuz",12,"",11.15,"https://audio.kohnai.ai/training/0102--5714-Tamuz%2012g%20Sicha%206.mp3","https://drive.google.com/file/d/18lJD6kx9GAM_Jpaznn8zUnciLmQ_3d0m/view","t_1003","12 Tammuz 5714 Sicha 9.docx","/api/transcript?name=12%20Tammuz%205714%20Sicha%209.txt","https://drive.google.com/file/d/1kpwHYSbaXEa9YlTA4B_wQ0P6gGfLNYCt/view",0.95,"50hr-selected"
"a_112","0103--5714-Tamuz 12h Sicha 7.mp3","5714","Tamuz",12,"",6.93,"https://audio.kohnai.ai/training/0103--5714-Tamuz%2012h%20Sicha%207.mp3","https://drive.google.com/file/d/1FA0LAGu2kBYVoO3eqcGCs33AGb4U1OSe/view","t_1003","12 Tammuz 5714 Sicha 9.docx","/api/transcript?name=12%20Tammuz%205714%20Sicha%209.txt","https://drive.google.com/file/d/1kpwHYSbaXEa9YlTA4B_wQ0P6gGfLNYCt/view",0.95,"50hr-selected"
"a_109","0104--5714-Tamuz 12i Sicha 8.mp3","5714","Tamuz",12,"",8.52,"https://audio.kohnai.ai/training/0104--5714-Tamuz%2012i%20Sicha%208.mp3","https://drive.google.com/file/d/14boBId-LsTr6Q_XX1yRoLAoNswmGBhP5/view","t_1003","12 Tammuz 5714 Sicha 9.docx","/api/transcript?name=12%20Tammuz%205714%20Sicha%209.txt","https://drive.google.com/file/d/1kpwHYSbaXEa9YlTA4B_wQ0P6gGfLNYCt/view",0.95,"50hr-selected"
"a_73","0140--5715-Tamuz 13b Mamar.mp3","5715","Tamuz",13,"",22.62,"https://audio.kohnai.ai/training/0140--5715-Tamuz%2013b%20Mamar.mp3","https://drive.google.com/file/d/1CsXKNDxZLH4YEYlKov7UUUJyYRhy8Y8D/view","t_1006","13 Tammuz 5715 - partial - Sicha 8.docx","/api/transcript?name=13%20Tammuz%205715%20-%20partial%20-%20Sicha%208.txt","https://drive.google.com/file/d/1s2_L5m2ES3enIrRyGoihyiGCbGKnOdLk/view",0.95,"50hr-selected"
"a_74","0141--5715-Tamuz 13c Sicha 2.mp3","5715","Tamuz",13,"",14.19,"https://audio.kohnai.ai/training/0141--5715-Tamuz%2013c%20Sicha%202.mp3","https://drive.google.com/file/d/1MH9s06oQTwr7IthfBOsVCQFWlE0RLw0V/view","t_1006","13 Tammuz 5715 - partial - Sicha 8.docx","/api/transcript?name=13%20Tammuz%205715%20-%20partial%20-%20Sicha%208.txt","https://drive.google.com/file/d/1s2_L5m2ES3enIrRyGoihyiGCbGKnOdLk/view",0.95,"50hr-selected"
"a_71","0144--5715-Tamuz 13f Sicha 5.mp3","5715","Tamuz",13,"",12.33,"https://audio.kohnai.ai/training/0144--5715-Tamuz%2013f%20Sicha%205.mp3","https://drive.google.com/file/d/1BqIEz7mr3f7rRRgOSjQM0bEiJ8uTORzV/view","t_1006","13 Tammuz 5715 - partial - Sicha 8.docx","/api/transcript?name=13%20Tammuz%205715%20-%20partial%20-%20Sicha%208.txt","https://drive.google.com/file/d/1s2_L5m2ES3enIrRyGoihyiGCbGKnOdLk/view",0.95,"50hr-selected"
"a_69","0145--5715-Tamuz 13h Sicha 6.mp3","5715","Tamuz",13,"",11.6,"https://audio.kohnai.ai/training/0145--5715-Tamuz%2013h%20Sicha%206.mp3","https://drive.google.com/file/d/1Tq5CaJD-ntm4ywGsCkIATMEnBCo3scht/view","t_1006","13 Tammuz 5715 - partial - Sicha 8.docx","/api/transcript?name=13%20Tammuz%205715%20-%20partial%20-%20Sicha%208.txt","https://drive.google.com/file/d/1s2_L5m2ES3enIrRyGoihyiGCbGKnOdLk/view",0.95,"50hr-selected"
"a_68","0146--5715-Tamuz 13i Sicha 7.mp3","5715","Tamuz",13,"",4.2,"https://audio.kohnai.ai/training/0146--5715-Tamuz%2013i%20Sicha%207.mp3","https://drive.google.com/file/d/16KyZAwWVuh45q3FBi44o_utNYkTRQcaw/view","t_1006","13 Tammuz 5715 - partial - Sicha 8.docx","/api/transcript?name=13%20Tammuz%205715%20-%20partial%20-%20Sicha%208.txt","https://drive.google.com/file/d/1s2_L5m2ES3enIrRyGoihyiGCbGKnOdLk/view",0.95,"50hr-selected"
"a_67","0147--5715-Tamuz 13j Sicha 8.mp3","5715","Tamuz",13,"",8.49,"https://audio.kohnai.ai/training/0147--5715-Tamuz%2013j%20Sicha%208.mp3","https://drive.google.com/file/d/1ZuWQWtXRuG_E_vATbvS02pUSXBTUTL-B/view","t_1006","13 Tammuz 5715 - partial - Sicha 8.docx","/api/transcript?name=13%20Tammuz%205715%20-%20partial%20-%20Sicha%208.txt","https://drive.google.com/file/d/1s2_L5m2ES3enIrRyGoihyiGCbGKnOdLk/view",0.95,"50hr-selected"
"a_65","0148--5715-Tamuz 13k Sicha 9.mp3","5715","Tamuz",13,"",4.3,"https://audio.kohnai.ai/training/0148--5715-Tamuz%2013k%20Sicha%209.mp3","https://drive.google.com/file/d/1MU1ZkeF9b8-g527CeAPWJuJuKlqK5McS/view","t_1006","13 Tammuz 5715 - partial - Sicha 8.docx","/api/transcript?name=13%20Tammuz%205715%20-%20partial%20-%20Sicha%208.txt","https://drive.google.com/file/d/1s2_L5m2ES3enIrRyGoihyiGCbGKnOdLk/view",0.95,"50hr-selected"
"a_3369","0186--5716-Shvat 10c Mamar.mp3","5716","Shevat",10,"",27.98,"https://audio.kohnai.ai/training/0186--5716-Shvat%2010c%20Mamar.mp3","https://drive.google.com/file/d/14sARlyeCu0xXAWPoiKjs7_pQinX0SlOM/view","t_999","10 Shevat 5716 Sicha 1.DOC","/api/transcript?name=10%20Shevat%205716%20Sicha%201.txt","https://drive.google.com/file/d/1m_tvjPP9nv6LVf18Fl9MG7go7nHgZvtX/view",0.95,"50hr-selected"
"a_3365","0191--5716-Shvat 10h Sicha 7.mp3","5716","Shevat",10,"",9.79,"https://audio.kohnai.ai/training/0191--5716-Shvat%2010h%20Sicha%207.mp3","https://drive.google.com/file/d/1fVDKFaLvL4n7loFj7SH8F-V2kBrOIhwT/view","t_999","10 Shevat 5716 Sicha 1.DOC","/api/transcript?name=10%20Shevat%205716%20Sicha%201.txt","https://drive.google.com/file/d/1m_tvjPP9nv6LVf18Fl9MG7go7nHgZvtX/view",0.95,"50hr-selected"
"a_3364","0192--5716-Shvat 10i Sicha 8.mp3","5716","Shevat",10,"",4.24,"https://audio.kohnai.ai/training/0192--5716-Shvat%2010i%20Sicha%208.mp3","https://drive.google.com/file/d/1ZeFqZRg7tlD2lBs_Lzye8q-IMYxKyeuS/view","t_999","10 Shevat 5716 Sicha 1.DOC","/api/transcript?name=10%20Shevat%205716%20Sicha%201.txt","https://drive.google.com/file/d/1m_tvjPP9nv6LVf18Fl9MG7go7nHgZvtX/view",0.95,"50hr-selected"
"a_3344","0212--5716-Tamuz 12c Mamar.mp3","5716","Tamuz",12,"",18.11,"https://audio.kohnai.ai/training/0212--5716-Tamuz%2012c%20Mamar.mp3","https://drive.google.com/file/d/1WiRgk1mNW8Z74xsmg35LHzcFyJrOc2T3/view","t_1002","12 Tammuz 5716 Sicha 5.docx","/api/transcript?name=12%20Tammuz%205716%20Sicha%205.txt","https://drive.google.com/file/d/19r8F2jamDrLU-E5PZuq0UY-U_DvxSWUv/view",0.95,"50hr-selected"
"a_3338","0217--5716-Tamuz 12h Sicha 7.mp3","5716","Tamuz",12,"",15.8,"https://audio.kohnai.ai/training/0217--5716-Tamuz%2012h%20Sicha%207.mp3","https://drive.google.com/file/d/1mRSZPweB1tphZ6e1h6Zp0C3UH2C8-zim/view","t_1002","12 Tammuz 5716 Sicha 5.docx","/api/transcript?name=12%20Tammuz%205716%20Sicha%205.txt","https://drive.google.com/file/d/19r8F2jamDrLU-E5PZuq0UY-U_DvxSWUv/view",0.95,"50hr-selected"
"a_3339","0218--5716-Tamuz 12i Sicha 8.mp3","5716","Tamuz",12,"",11.3,"https://audio.kohnai.ai/training/0218--5716-Tamuz%2012i%20Sicha%208.mp3","https://drive.google.com/file/d/1w8AoplrabgLYaqyMnWKPp5XZm-JkcK4-/view","t_1002","12 Tammuz 5716 Sicha 5.docx","/api/transcript?name=12%20Tammuz%205716%20Sicha%205.txt","https://drive.google.com/file/d/19r8F2jamDrLU-E5PZuq0UY-U_DvxSWUv/view",0.95,"50hr-selected"
"a_3337","0219--5716-Tamuz 12j Sicha 9.mp3","5716","Tamuz",12,"",11.39,"https://audio.kohnai.ai/training/0219--5716-Tamuz%2012j%20Sicha%209.mp3","https://drive.google.com/file/d/1qTvwnOxEHEh71WSIjrdB02V_tRzuUID7/view","t_1002","12 Tammuz 5716 Sicha 5.docx","/api/transcript?name=12%20Tammuz%205716%20Sicha%205.txt","https://drive.google.com/file/d/19r8F2jamDrLU-E5PZuq0UY-U_DvxSWUv/view",0.95,"50hr-selected"
"a_3769","0301--5718-Kislev 19 Sicha 1.mp3","5718","Kislev",19,"",17.7,"https://audio.kohnai.ai/training/0301--5718-Kislev%2019%20Sicha%201.mp3","https://drive.google.com/file/d/1S2OGmUpCYgFyumjQ621rniPajdCfQXzi/view","t_992","19 Kislev 5718 Sicha 1.docx","/api/transcript?name=19%20Kislev%205718%20Sicha%201.txt","https://drive.google.com/file/d/1td-xiS7TPg6RZ5GgekpfTGcOLxStZSg8/view",0.95,"50hr-selected"
"a_3768","0302--5718-Kislev 19b Sicha 2.mp3","5718","Kislev",19,"",14.57,"https://audio.kohnai.ai/training/0302--5718-Kislev%2019b%20Sicha%202.mp3","https://drive.google.com/file/d/13gHgiOYJcOl1emdh4Do4XZmA6AqWdQK1/view","t_992","19 Kislev 5718 Sicha 1.docx","/api/transcript?name=19%20Kislev%205718%20Sicha%201.txt","https://drive.google.com/file/d/1td-xiS7TPg6RZ5GgekpfTGcOLxStZSg8/view",0.95,"50hr-selected"
"a_3767","0303--5718-Kislev 19c Sicha 3.mp3","5718","Kislev",19,"",8.28,"https://audio.kohnai.ai/training/0303--5718-Kislev%2019c%20Sicha%203.mp3","https://drive.google.com/file/d/1kLmQK9Zaac1W9hrXcI_PWczsqVE12NMZ/view","t_992","19 Kislev 5718 Sicha 1.docx","/api/transcript?name=19%20Kislev%205718%20Sicha%201.txt","https://drive.google.com/file/d/1td-xiS7TPg6RZ5GgekpfTGcOLxStZSg8/view",0.95,"50hr-selected"
"a_3766","0304--5718-Kislev 19d Mamar.mp3","5718","Kislev",19,"",16.27,"https://audio.kohnai.ai/training/0304--5718-Kislev%2019d%20Mamar.mp3","https://drive.google.com/file/d/1tJ1ESbUZB2UoC1qiNSCf7bkXrjmT9qKf/view","t_992","19 Kislev 5718 Sicha 1.docx","/api/transcript?name=19%20Kislev%205718%20Sicha%201.txt","https://drive.google.com/file/d/1td-xiS7TPg6RZ5GgekpfTGcOLxStZSg8/view",0.95,"50hr-selected"
"a_3764","0306--5718-Kislev 19f Sicha 5.mp3","5718","Kislev",19,"",21.11,"https://audio.kohnai.ai/training/0306--5718-Kislev%2019f%20Sicha%205.mp3","https://drive.google.com/file/d/1Ztved_HKL9_xAo3y3pTAdMahTIq30LSx/view","t_992","19 Kislev 5718 Sicha 1.docx","/api/transcript?name=19%20Kislev%205718%20Sicha%201.txt","https://drive.google.com/file/d/1td-xiS7TPg6RZ5GgekpfTGcOLxStZSg8/view",0.95,"50hr-selected"
"a_3763","0307--5718-Kislev 19g Sicha 6.mp3","5718","Kislev",19,"",13.89,"https://audio.kohnai.ai/training/0307--5718-Kislev%2019g%20Sicha%206.mp3","https://drive.google.com/file/d/17SdfV68Z5aWPD1wwSPCjDBHHowJ1c8bW/view","t_992","19 Kislev 5718 Sicha 1.docx","/api/transcript?name=19%20Kislev%205718%20Sicha%201.txt","https://drive.google.com/file/d/1td-xiS7TPg6RZ5GgekpfTGcOLxStZSg8/view",0.95,"50hr-selected"
"a_3762","0308--5718-Kislev 19h Sicha 7.mp3","5718","Kislev",19,"",14.93,"https://audio.kohnai.ai/training/0308--5718-Kislev%2019h%20Sicha%207.mp3","https://drive.google.com/file/d/13WnFdpWYnDAhg4-dzj4DsA555A64bdJp/view","t_992","19 Kislev 5718 Sicha 1.docx","/api/transcript?name=19%20Kislev%205718%20Sicha%201.txt","https://drive.google.com/file/d/1td-xiS7TPg6RZ5GgekpfTGcOLxStZSg8/view",0.95,"50hr-selected"
"a_3761","0309--5718-Kislev 19i Sicha 8.mp3","5718","Kislev",19,"",23.89,"https://audio.kohnai.ai/training/0309--5718-Kislev%2019i%20Sicha%208.mp3","https://drive.google.com/file/d/1cAyV9pO92KHfHGJ0OC7Ov6pIJys5lyPO/view","t_992","19 Kislev 5718 Sicha 1.docx","/api/transcript?name=19%20Kislev%205718%20Sicha%201.txt","https://drive.google.com/file/d/1td-xiS7TPg6RZ5GgekpfTGcOLxStZSg8/view",0.95,"50hr-selected"
"a_3760","0310--5718-Kislev 19j Sicha 9.mp3","5718","Kislev",19,"",16.28,"https://audio.kohnai.ai/training/0310--5718-Kislev%2019j%20Sicha%209.mp3","https://drive.google.com/file/d/1cjUQaKBhZzb0GiXui_xwKAE1ovxrYU9Z/view","t_992","19 Kislev 5718 Sicha 1.docx","/api/transcript?name=19%20Kislev%205718%20Sicha%201.txt","https://drive.google.com/file/d/1td-xiS7TPg6RZ5GgekpfTGcOLxStZSg8/view",0.95,"50hr-selected"
"a_3836","0365--5719-Kislev 19e Mamar.mp3","5719","Kislev",19,"",24.93,"https://audio.kohnai.ai/training/0365--5719-Kislev%2019e%20Mamar.mp3","https://drive.google.com/file/d/1vTIpOOKgrzAdRSKKY9yY768QC84XG_pz/view","t_1000","19 Kislev 5719 - Sicha 1.docx","/api/transcript?name=19%20Kislev%205719%20-%20Sicha%201.txt","https://drive.google.com/file/d/1g81boiPeRzWIfFHCo-vZCkBtt-wBu6Ko/view",0.95,"50hr-selected"
"a_3827","0373--5719-Kislev 19m Sicha 12.mp3","5719","Kislev",19,"",16.15,"https://audio.kohnai.ai/training/0373--5719-Kislev%2019m%20Sicha%2012.mp3","https://drive.google.com/file/d/1ruztXi_ipXRPAX_P8wFQI9opawgZODpQ/view","t_1000","19 Kislev 5719 - Sicha 1.docx","/api/transcript?name=19%20Kislev%205719%20-%20Sicha%201.txt","https://drive.google.com/file/d/1g81boiPeRzWIfFHCo-vZCkBtt-wBu6Ko/view",0.95,"50hr-selected"
"a_3826","0374--5719-Kislev 19n Sicha 13.mp3","5719","Kislev",19,"",8.59,"https://audio.kohnai.ai/training/0374--5719-Kislev%2019n%20Sicha%2013.mp3","https://drive.google.com/file/d/1C4jTITGISNy55bJj2HZHqH6rqHgNc95C/view","t_1000","19 Kislev 5719 - Sicha 1.docx","/api/transcript?name=19%20Kislev%205719%20-%20Sicha%201.txt","https://drive.google.com/file/d/1g81boiPeRzWIfFHCo-vZCkBtt-wBu6Ko/view",0.95,"50hr-selected"
"a_3825","0375--5719-Kislev 19o Sicha 14.mp3","5719","Kislev",19,"",8.22,"https://audio.kohnai.ai/training/0375--5719-Kislev%2019o%20Sicha%2014.mp3","https://drive.google.com/file/d/18toDH6NF293ZV5PhtXtqaVNNYV7g-hv0/view","t_1000","19 Kislev 5719 - Sicha 1.docx","/api/transcript?name=19%20Kislev%205719%20-%20Sicha%201.txt","https://drive.google.com/file/d/1g81boiPeRzWIfFHCo-vZCkBtt-wBu6Ko/view",0.95,"50hr-selected"
"a_3819","0380--5719-Shvat 10d Mamar.mp3","5719","Shevat",10,"",26.71,"https://audio.kohnai.ai/training/0380--5719-Shvat%2010d%20Mamar.mp3","https://drive.google.com/file/d/1hgo9JsqwJZifctiy5FLrCfB4ikuwr6l_/view","t_991","10 Shevat 5719 Sicha 7.docx","/api/transcript?name=10%20Shevat%205719%20Sicha%207.txt","https://drive.google.com/file/d/1_mKgwo1K2C60SaaCeXAdIBGkCNWzYp-0/view",0.95,"50hr-selected"
"a_3815","0386--5719-Shvat 10j Sicha 9 many nigunim.mp3","5719","Shevat",10,"",25.12,"https://audio.kohnai.ai/training/0386--5719-Shvat%2010j%20Sicha%209%20many%20nigunim.mp3","https://drive.google.com/file/d/1TEd5gN6vES1maxgNFGghcSBKdwOgv6Gj/view","t_991","10 Shevat 5719 Sicha 7.docx","/api/transcript?name=10%20Shevat%205719%20Sicha%207.txt","https://drive.google.com/file/d/1_mKgwo1K2C60SaaCeXAdIBGkCNWzYp-0/view",0.95,"50hr-selected"
"a_3791","0409--5719-Tamuz 13f Mamar.mp3","5719","Tamuz",13,"",21.13,"https://audio.kohnai.ai/training/0409--5719-Tamuz%2013f%20Mamar.mp3","https://drive.google.com/file/d/1WAKO_GYHYrOYXGo43oFRO773Ao_yPLBm/view","t_1007","13 Tammuz 5719 - Italy.docx","/api/transcript?name=13%20Tammuz%205719%20-%20Italy.txt","https://drive.google.com/file/d/1URPX3CzT9-ek2ig7kVePeYl39pky2Mtf/view",0.95,"50hr-selected"
"a_3786","0415--5719-Tamuz 13l Sicha 11.mp3","5719","Tamuz",13,"",7.74,"https://audio.kohnai.ai/training/0415--5719-Tamuz%2013l%20Sicha%2011.mp3","https://drive.google.com/file/d/1iLwBKJFNTcTDgDOfijKPfmzqUopXr_ib/view","t_1007","13 Tammuz 5719 - Italy.docx","/api/transcript?name=13%20Tammuz%205719%20-%20Italy.txt","https://drive.google.com/file/d/1URPX3CzT9-ek2ig7kVePeYl39pky2Mtf/view",0.95,"50hr-selected"
"a_3780","0420--5719-Tamuz 13q Sicha 16.mp3","5719","Tamuz",13,"",7.75,"https://audio.kohnai.ai/training/0420--5719-Tamuz%2013q%20Sicha%2016.mp3","https://drive.google.com/file/d/1V29KbG01DrZVYlUDHAc4MW99IdalGTB-/view","t_1007","13 Tammuz 5719 - Italy.docx","/api/transcript?name=13%20Tammuz%205719%20-%20Italy.txt","https://drive.google.com/file/d/1URPX3CzT9-ek2ig7kVePeYl39pky2Mtf/view",0.95,"50hr-selected"
"a_3623","0446--5720-Kislev 19f Mamar.mp3","5720","Kislev",19,"",18.85,"https://audio.kohnai.ai/training/0446--5720-Kislev%2019f%20Mamar.mp3","https://drive.google.com/file/d/1tzk6oslBFHvjC2cI8IIsCWdhpJggu1up/view","t_952","19 Kislev 5720 Sicha 6 Transcript.docx","/api/transcript?name=19%20Kislev%205720%20Sicha%206%20Transcript.txt","https://drive.google.com/file/d/1Jag1yn2IWKgqd2jJIVBONVS0RtwyMIrN/view",0.95,"50hr-selected"
"a_3618","0451--5720-Kislev 19k Sicha 10.mp3","5720","Kislev",19,"",17.69,"https://audio.kohnai.ai/training/0451--5720-Kislev%2019k%20Sicha%2010.mp3","https://drive.google.com/file/d/1mHfU6tR67apj77t8STjslN7y0H5NBQIx/view","t_964","19 Kislev 5720 Sicha 10.docx","/api/transcript?name=19%20Kislev%205720%20Sicha%2010.txt","https://drive.google.com/file/d/1sC5qQmHN8bKhpDL693TIyna05wVIEZbw/view",0.95,"50hr-selected"
"a_3617","0452--5720-Kislev 19l Sicha 11.mp3","5720","Kislev",19,"",8.63,"https://audio.kohnai.ai/training/0452--5720-Kislev%2019l%20Sicha%2011.mp3","https://drive.google.com/file/d/1lEwOr9Bc6vsr2j2_Wk5Ooq2SN_13QJ4K/view","t_965","19 Kislev 5720 Sicha 11.docx","/api/transcript?name=19%20Kislev%205720%20Sicha%2011.txt","https://drive.google.com/file/d/1nP_R71bz6N05q0uu7DLwJf4U8r-j_hq3/view",0.95,"50hr-selected"
"a_3616","0453--5720-Kislev 19m Sicha 12.mp3","5720","Kislev",19,"",15.11,"https://audio.kohnai.ai/training/0453--5720-Kislev%2019m%20Sicha%2012.mp3","https://drive.google.com/file/d/1cryErXxdjEIQWUTv5-G7oKIS3sBE0xsy/view","t_952","19 Kislev 5720 Sicha 6 Transcript.docx","/api/transcript?name=19%20Kislev%205720%20Sicha%206%20Transcript.txt","https://drive.google.com/file/d/1Jag1yn2IWKgqd2jJIVBONVS0RtwyMIrN/view",0.95,"50hr-selected"
"a_3594","0475--5720-Adar 14g Mamar.mp3","5720","Adar",14,"",8.57,"https://audio.kohnai.ai/training/0475--5720-Adar%2014g%20Mamar.mp3","https://drive.google.com/file/d/1qDq9VzUMhRVFHKE6wKzl-348LQL7rN09/view","t_947","14 Adar 5720 - Sicha 12.docx","/api/transcript?name=14%20Adar%205720%20-%20Sicha%2012.txt","https://drive.google.com/file/d/1kYXrcLE2xrpBhiYaE_fLCecgtlrD8IYk/view",0.95,"50hr-selected"
"a_3592","0477--5720-Adar 14h Mamar.mp3","5720","Adar",14,"",19.15,"https://audio.kohnai.ai/training/0477--5720-Adar%2014h%20Mamar.mp3","https://drive.google.com/file/d/1SwibsKKu3sD-N5Vwv3ubcLM3iFeV7U2F/view","t_947","14 Adar 5720 - Sicha 12.docx","/api/transcript?name=14%20Adar%205720%20-%20Sicha%2012.txt","https://drive.google.com/file/d/1kYXrcLE2xrpBhiYaE_fLCecgtlrD8IYk/view",0.95,"50hr-selected"
"a_3590","0480--5720-Adar 14k Sicha 10.mp3","5720","Adar",14,"",15.54,"https://audio.kohnai.ai/training/0480--5720-Adar%2014k%20Sicha%2010.mp3","https://drive.google.com/file/d/1ow6Q7vbCvhNSoKPInNi2qiJzIYSNKK9c/view","t_947","14 Adar 5720 - Sicha 12.docx","/api/transcript?name=14%20Adar%205720%20-%20Sicha%2012.txt","https://drive.google.com/file/d/1kYXrcLE2xrpBhiYaE_fLCecgtlrD8IYk/view",0.95,"50hr-selected"
"a_3589","0482--5720-Adar 14m Sicha 12.mp3","5720","Adar",14,"",21.46,"https://audio.kohnai.ai/training/0482--5720-Adar%2014m%20Sicha%2012.mp3","https://drive.google.com/file/d/1IROTae0aGV1OjukkQq0IMQx7AWaNd1Uo/view","t_947","14 Adar 5720 - Sicha 12.docx","/api/transcript?name=14%20Adar%205720%20-%20Sicha%2012.txt","https://drive.google.com/file/d/1kYXrcLE2xrpBhiYaE_fLCecgtlrD8IYk/view",0.95,"50hr-selected"
"a_3576","0495--5720-Tamuz 15 Farbrengen Gan Yisroel Sicha 1.mp3","5720","Tamuz",15,"",15.92,"https://audio.kohnai.ai/training/0495--5720-Tamuz%2015%20Farbrengen%20Gan%20Yisroel%20Sicha%201.mp3","https://drive.google.com/file/d/1d0Np0MvYjHFJZUK4h57ONaDMyaTnMp4D/view","t_980","15 Tammuz 5720 - Gan Israel.DOC","/api/transcript?name=15%20Tammuz%205720%20-%20Gan%20Israel.txt","https://drive.google.com/file/d/1fX0z45UbE6esAPIUzAufd288X0tKnPha/view",0.95,"50hr-selected"
"a_3575","0496--5720-Tamuz 15b Sicha 2.mp3","5720","Tamuz",15,"",10.83,"https://audio.kohnai.ai/training/0496--5720-Tamuz%2015b%20Sicha%202.mp3","https://drive.google.com/file/d/1SuVdk9-FT-pZ9xIcGQGT9wejrj_NO1jH/view","t_980","15 Tammuz 5720 - Gan Israel.DOC","/api/transcript?name=15%20Tammuz%205720%20-%20Gan%20Israel.txt","https://drive.google.com/file/d/1fX0z45UbE6esAPIUzAufd288X0tKnPha/view",0.95,"50hr-selected"
"a_3573","0498--5720-Tamuz 15d Mamar.mp3","5720","Tamuz",15,"",21.9,"https://audio.kohnai.ai/training/0498--5720-Tamuz%2015d%20Mamar.mp3","https://drive.google.com/file/d/1lEGMSjnzQ63CObcvxrZ_pgDuxLB_HZc6/view","t_980","15 Tammuz 5720 - Gan Israel.DOC","/api/transcript?name=15%20Tammuz%205720%20-%20Gan%20Israel.txt","https://drive.google.com/file/d/1fX0z45UbE6esAPIUzAufd288X0tKnPha/view",0.95,"50hr-selected"
"a_3572","0499--5720-Tamuz 15e Birchas hamozon end.mp3","5720","Tamuz",15,"",11.77,"https://audio.kohnai.ai/training/0499--5720-Tamuz%2015e%20Birchas%20hamozon%20end.mp3","https://drive.google.com/file/d/1Ea08mqDfqQIwM2wb2pEe-E9AwhYg7jrQ/view","t_980","15 Tammuz 5720 - Gan Israel.DOC","/api/transcript?name=15%20Tammuz%205720%20-%20Gan%20Israel.txt","https://drive.google.com/file/d/1fX0z45UbE6esAPIUzAufd288X0tKnPha/view",0.95,"50hr-selected"
"a_3499","0518--5721-Kislev 19e Mamar.mp3","5721","Kislev",19,"",24.68,"https://audio.kohnai.ai/training/0518--5721-Kislev%2019e%20Mamar.mp3","https://drive.google.com/file/d/1FhZy1aiCknCw4k0Ueg160aFbB3i7PrM_/view","t_956","19 Kislev 5721 Sicha 9.docx","/api/transcript?name=19%20Kislev%205721%20Sicha%209.txt","https://drive.google.com/file/d/1o-OzNaCW8kKZjCzTgQawVdTA6bHG6dMD/view",0.95,"50hr-selected"
"a_3497","0520--5721-Kislev 19g Sicha 6.mp3","5721","Kislev",19,"",17.5,"https://audio.kohnai.ai/training/0520--5721-Kislev%2019g%20Sicha%206.mp3","https://drive.google.com/file/d/16-PGbaVgLCzKnn8ntle6KG_MLF3W2Jmd/view","t_956","19 Kislev 5721 Sicha 9.docx","/api/transcript?name=19%20Kislev%205721%20Sicha%209.txt","https://drive.google.com/file/d/1o-OzNaCW8kKZjCzTgQawVdTA6bHG6dMD/view",0.95,"50hr-selected"
"a_3496","0521--5721-Kislev 19h Sicha 7.mp3","5721","Kislev",19,"",8.51,"https://audio.kohnai.ai/training/0521--5721-Kislev%2019h%20Sicha%207.mp3","https://drive.google.com/file/d/1IGs9k-81cr1BXWt_wllsRYotghfvb7Oz/view","t_956","19 Kislev 5721 Sicha 9.docx","/api/transcript?name=19%20Kislev%205721%20Sicha%209.txt","https://drive.google.com/file/d/1o-OzNaCW8kKZjCzTgQawVdTA6bHG6dMD/view",0.95,"50hr-selected"
"a_3494","0523--5721-Kislev 19j Sicha 9.mp3","5721","Kislev",19,"",17.16,"https://audio.kohnai.ai/training/0523--5721-Kislev%2019j%20Sicha%209.mp3","https://drive.google.com/file/d/144V-GSshWqi10MN9NYMUWT5TB3dk6RBq/view","t_956","19 Kislev 5721 Sicha 9.docx","/api/transcript?name=19%20Kislev%205721%20Sicha%209.txt","https://drive.google.com/file/d/1o-OzNaCW8kKZjCzTgQawVdTA6bHG6dMD/view",0.95,"50hr-selected"
"a_3480","0537--5721-Adar 14e Mamar.mp3","5721","Adar",14,"",24.17,"https://audio.kohnai.ai/training/0537--5721-Adar%2014e%20Mamar.mp3","https://drive.google.com/file/d/1cYFWIHxsdHiPGLif5cNmaYjnRsbuXZvx/view","t_946","14 Adar 5721 Sicha 6.docx","/api/transcript?name=14%20Adar%205721%20Sicha%206.txt","https://drive.google.com/file/d/1jitsf6A85wwE5Vu2VemKZCNR4WertgO5/view",0.95,"50hr-selected"
"a_3475","0542--5721-Adar 14j Sicha 8.mp3","5721","Adar",14,"",18.99,"https://audio.kohnai.ai/training/0542--5721-Adar%2014j%20Sicha%208.mp3","https://drive.google.com/file/d/1-Qpmm-xVXq5FinBN2yO2iEtrjY8h_BME/view","t_946","14 Adar 5721 Sicha 6.docx","/api/transcript?name=14%20Adar%205721%20Sicha%206.txt","https://drive.google.com/file/d/1jitsf6A85wwE5Vu2VemKZCNR4WertgO5/view",0.95,"50hr-selected"
"a_3474","0543--5721-Adar 14k Sicha 9.mp3","5721","Adar",14,"",13.92,"https://audio.kohnai.ai/training/0543--5721-Adar%2014k%20Sicha%209.mp3","https://drive.google.com/file/d/1UG82HmGQp2aqH7JDBwyN8vGhmKOyBAk1/view","t_946","14 Adar 5721 Sicha 6.docx","/api/transcript?name=14%20Adar%205721%20Sicha%206.txt","https://drive.google.com/file/d/1jitsf6A85wwE5Vu2VemKZCNR4WertgO5/view",0.95,"50hr-selected"
"a_3468","0549--5721-Tamuz 12e Mamar.mp3","5721","Tamuz",12,"",34.92,"https://audio.kohnai.ai/training/0549--5721-Tamuz%2012e%20Mamar.mp3","https://drive.google.com/file/d/1nCT348uN1C0eXhz_uJ2AbfqcVGSzOttV/view","t_971","12 Tammuz 5721.docx","/api/transcript?name=12%20Tammuz%205721.txt","https://drive.google.com/file/d/19tS97an1W1qLf6H6lHDw7LxuSFbMq5ym/view",0.95,"50hr-selected"
"a_3466","0551--5721-Tamuz 12g Sicha 6.mp3","5721","Tamuz",12,"",14.6,"https://audio.kohnai.ai/training/0551--5721-Tamuz%2012g%20Sicha%206.mp3","https://drive.google.com/file/d/1d7Q0Hn_WX6HbR1TTR5DnHhcuk3kfmifu/view","t_971","12 Tammuz 5721.docx","/api/transcript?name=12%20Tammuz%205721.txt","https://drive.google.com/file/d/19tS97an1W1qLf6H6lHDw7LxuSFbMq5ym/view",0.95,"50hr-selected"
"a_3464","0553--5721-Tamuz 12i Sicha 8.mp3","5721","Tamuz",12,"",11.05,"https://audio.kohnai.ai/training/0553--5721-Tamuz%2012i%20Sicha%208.mp3","https://drive.google.com/file/d/1UCS3G0LWEG7Vacsj8uqvIUo9n2QUD-vL/view","t_971","12 Tammuz 5721.docx","/api/transcript?name=12%20Tammuz%205721.txt","https://drive.google.com/file/d/19tS97an1W1qLf6H6lHDw7LxuSFbMq5ym/view",0.95,"50hr-selected"
"a_3714","0581--5722-Kislev 19f Mamar.mp3","5722","Kislev",19,"",25.36,"https://audio.kohnai.ai/training/0581--5722-Kislev%2019f%20Mamar.mp3","https://drive.google.com/file/d/1T95-8R-7oK5NPDzn9rNPKJ0S4p_lZCtu/view","t_938","19 Kislev 5722 Sicha 9.docx","/api/transcript?name=19%20Kislev%205722%20Sicha%209.txt","https://drive.google.com/file/d/1T54Gt0L7aNTRIleTU9sA_-r1gCLpcEA8/view",0.95,"50hr-selected"
"a_3705","0590--5722-Shvat 10d Mamar.mp3","5722","Shevat",10,"",27.44,"https://audio.kohnai.ai/training/0590--5722-Shvat%2010d%20Mamar.mp3","https://drive.google.com/file/d/15vffeRTPV9d1fZYi-1OSZPvDszWJ20FB/view","t_941","10 Shevat 5722 Sicha 1.docx","/api/transcript?name=10%20Shevat%205722%20Sicha%201.txt","https://drive.google.com/file/d/1tytFZGII2TuUW_hsy7pJ4czx9YWibkkf/view",0.95,"50hr-selected"
"a_3698","0597--5722-Shvat 10k Sicha 9.mp3","5722","Shevat",10,"",14.18,"https://audio.kohnai.ai/training/0597--5722-Shvat%2010k%20Sicha%209.mp3","https://drive.google.com/file/d/1Yy-C0oKKL9ITtsyvtW8fZd8W8OWa3wFJ/view","t_941","10 Shevat 5722 Sicha 1.docx","/api/transcript?name=10%20Shevat%205722%20Sicha%201.txt","https://drive.google.com/file/d/1tytFZGII2TuUW_hsy7pJ4czx9YWibkkf/view",0.95,"50hr-selected"
"a_3676","0619--5722-Nissan 11g Mamar 2.mp3","5722","Nissan",11,"",15.88,"https://audio.kohnai.ai/training/0619--5722-Nissan%2011g%20Mamar%202.mp3","https://drive.google.com/file/d/11V1oo2ptkQJqs1ceIDOjBdZbrjlC5WQB/view","t_983","11 Nissan 5722.doc","/api/transcript?name=11%20Nissan%205722.txt","https://drive.google.com/file/d/1WOM7Bh56N-aPxu8Mh8uuruTeOtdZmkXq/view",0.95,"50hr-selected"
"a_3675","0620--5722-Nissan 11h Sicha 6.mp3","5722","Nissan",11,"",9.83,"https://audio.kohnai.ai/training/0620--5722-Nissan%2011h%20Sicha%206.mp3","https://drive.google.com/file/d/1ZCu9n-pe6FjGYuKVU07coZ8Ie0zLDLCp/view","t_983","11 Nissan 5722.doc","/api/transcript?name=11%20Nissan%205722.txt","https://drive.google.com/file/d/1WOM7Bh56N-aPxu8Mh8uuruTeOtdZmkXq/view",0.95,"50hr-selected"
"a_3664","0631--5722-Tamuz 13e Mamar.mp3","5722","Tamuz",13,"",24.25,"https://audio.kohnai.ai/training/0631--5722-Tamuz%2013e%20Mamar.mp3","https://drive.google.com/file/d/1xSxj4f75kx_4iKqTEl-XN67UF6h_RXvc/view","t_960","13 Tammuz 5722 Sichos 1&2.docx","/api/transcript?name=13%20Tammuz%205722%20Sichos%201%262.txt","https://drive.google.com/file/d/19p-CquPMB3bRA7q2SRuM_WSvgY8trVBJ/view",0.95,"50hr-selected"
"a_3657","0638--5722-Tamuz 13l Sicha 11.mp3","5722","Tamuz",13,"",16.68,"https://audio.kohnai.ai/training/0638--5722-Tamuz%2013l%20Sicha%2011.mp3","https://drive.google.com/file/d/1zK7C_EseB7QEPTlJ4q-VHiiX1w1gbnaA/view","t_960","13 Tammuz 5722 Sichos 1&2.docx","/api/transcript?name=13%20Tammuz%205722%20Sichos%201%262.txt","https://drive.google.com/file/d/19p-CquPMB3bRA7q2SRuM_WSvgY8trVBJ/view",0.95,"50hr-selected"
"a_3643","0652--5722-Elul 18e Sicha 5.mp3","5722","Elul",18,"",9.58,"https://audio.kohnai.ai/training/0652--5722-Elul%2018e%20Sicha%205.mp3","https://drive.google.com/file/d/1eWPL_ehMY4Gb0Jtsa0OF6Etij4GvzBwa/view","t_937","18 Elul 5722 Sicha 2.docx","/api/transcript?name=18%20Elul%205722%20Sicha%202.txt","https://drive.google.com/file/d/1DMmtWi_JacSZmfro5AbSXkin1vWvk_8z/view",0.95,"50hr-selected"
"a_3640","0655--5722-Elul 18h Sicha 8.mp3","5722","Elul",18,"",15.69,"https://audio.kohnai.ai/training/0655--5722-Elul%2018h%20Sicha%208.mp3","https://drive.google.com/file/d/1HK6s5a6XtTqy2LvYa9TAa7GWCxwHNR9y/view","t_937","18 Elul 5722 Sicha 2.docx","/api/transcript?name=18%20Elul%205722%20Sicha%202.txt","https://drive.google.com/file/d/1DMmtWi_JacSZmfro5AbSXkin1vWvk_8z/view",0.95,"50hr-selected"
"a_3449","0681--5723-Kislev 19f Mamar.mp3","5723","Kislev",19,"",17.93,"https://audio.kohnai.ai/training/0681--5723-Kislev%2019f%20Mamar.mp3","https://drive.google.com/file/d/1pha0ei3okdbsGlZsW2T_q4qyJ1RqPUiF/view","t_981","19 Kislev 5723 Sicha 5.doc","/api/transcript?name=19%20Kislev%205723%20Sicha%205.txt","https://drive.google.com/file/d/1qYO7Qg7WO4Q01Twyfu0fUFM_BvXf0MHU/view",0.95,"50hr-selected"
"a_3447","0683--5723-Kislev 19h Sicha 7.mp3","5723","Kislev",19,"",32.36,"https://audio.kohnai.ai/training/0683--5723-Kislev%2019h%20Sicha%207.mp3","https://drive.google.com/file/d/1jW9unfOxHgu98InVluqT5oAem5vgBHlu/view","t_981","19 Kislev 5723 Sicha 5.doc","/api/transcript?name=19%20Kislev%205723%20Sicha%205.txt","https://drive.google.com/file/d/1qYO7Qg7WO4Q01Twyfu0fUFM_BvXf0MHU/view",0.95,"50hr-selected"
"a_3446","0684--5723-Kislev 19i Sicha 8.mp3","5723","Kislev",19,"",16.53,"https://audio.kohnai.ai/training/0684--5723-Kislev%2019i%20Sicha%208.mp3","https://drive.google.com/file/d/1mOSt5DzigJMEtc_nczFIXqR5tVH41pe9/view","t_981","19 Kislev 5723 Sicha 5.doc","/api/transcript?name=19%20Kislev%205723%20Sicha%205.txt","https://drive.google.com/file/d/1qYO7Qg7WO4Q01Twyfu0fUFM_BvXf0MHU/view",0.95,"50hr-selected"
"a_3445","0685--5723-Kislev 19j Sicha 9.mp3","5723","Kislev",19,"",8.25,"https://audio.kohnai.ai/training/0685--5723-Kislev%2019j%20Sicha%209.mp3","https://drive.google.com/file/d/1bEFUG_ojdo_KilzNjMN6naFGNtzlrC6j/view","t_981","19 Kislev 5723 Sicha 5.doc","/api/transcript?name=19%20Kislev%205723%20Sicha%205.txt","https://drive.google.com/file/d/1qYO7Qg7WO4Q01Twyfu0fUFM_BvXf0MHU/view",0.95,"50hr-selected"
"a_3429","0701--5723-Shvat 10d Mamar and nigun.mp3","5723","Shevat",10,"",36.63,"https://audio.kohnai.ai/training/0701--5723-Shvat%2010d%20Mamar%20and%20nigun.mp3","https://drive.google.com/file/d/1K40KGv52KMzB2DwWIbSWCgGt36SpjEG1/view","t_943","10 Shevat 5723 Sicha 2.docx","/api/transcript?name=10%20Shevat%205723%20Sicha%202.txt","https://drive.google.com/file/d/1hgGgP_W4ZN0FwEa-sNN7oyqIEghNfpKl/view",0.95,"50hr-selected"
"a_3423","0707--5723-Shvat 10j Sicha 9 and nigunim.mp3","5723","Shevat",10,"",17.46,"https://audio.kohnai.ai/training/0707--5723-Shvat%2010j%20Sicha%209%20and%20nigunim.mp3","https://drive.google.com/file/d/1PdSSw7IuCg5hRYEwQKZyluyqwErcXbIB/view","t_943","10 Shevat 5723 Sicha 2.docx","/api/transcript?name=10%20Shevat%205723%20Sicha%202.txt","https://drive.google.com/file/d/1hgGgP_W4ZN0FwEa-sNN7oyqIEghNfpKl/view",0.95,"50hr-selected"
"a_3422","0708--5723-Shvat 10k Sicha 10 nigunim and end.mp3","5723","Shevat",10,"",7.16,"https://audio.kohnai.ai/training/0708--5723-Shvat%2010k%20Sicha%2010%20nigunim%20and%20end.mp3","https://drive.google.com/file/d/1uk3XnyxECoSu4yNxsmhcOU5X-ocY9S2Y/view","t_943","10 Shevat 5723 Sicha 2.docx","/api/transcript?name=10%20Shevat%205723%20Sicha%202.txt","https://drive.google.com/file/d/1hgGgP_W4ZN0FwEa-sNN7oyqIEghNfpKl/view",0.95,"50hr-selected"
"a_3418","0712--5723-Adar 14d Mamar and nigunim.mp3","5723","Adar",14,"",31.04,"https://audio.kohnai.ai/training/0712--5723-Adar%2014d%20Mamar%20and%20nigunim.mp3","https://drive.google.com/file/d/1XDPIAnjQLxVPwRHC9hdubgKaV6U2D-40/view","t_969","14 Adar 5723 Sicha 6.docx","/api/transcript?name=14%20Adar%205723%20Sicha%206.txt","https://drive.google.com/file/d/18mh3wkWC-qq8l5CGww7kT3pduOijrPQe/view",0.95,"50hr-selected"
"a_3414","0716--5723-Adar 14h Magbis nigunim.mp3","5723","Adar",14,"",9.81,"https://audio.kohnai.ai/training/0716--5723-Adar%2014h%20Magbis%20nigunim.mp3","https://drive.google.com/file/d/1MjW_8xalN4uYUiy7nhn5YMHu2YOs2qn3/view","t_969","14 Adar 5723 Sicha 6.docx","/api/transcript?name=14%20Adar%205723%20Sicha%206.txt","https://drive.google.com/file/d/18mh3wkWC-qq8l5CGww7kT3pduOijrPQe/view",0.95,"50hr-selected"
"a_3413","0717--5723-Adar 14i Sicha 8 nigun.mp3","5723","Adar",14,"",20.88,"https://audio.kohnai.ai/training/0717--5723-Adar%2014i%20Sicha%208%20nigun.mp3","https://drive.google.com/file/d/19v-AL078A7nDaI4DJI55IiTVxhnDFLRt/view","t_969","14 Adar 5723 Sicha 6.docx","/api/transcript?name=14%20Adar%205723%20Sicha%206.txt","https://drive.google.com/file/d/18mh3wkWC-qq8l5CGww7kT3pduOijrPQe/view",0.95,"50hr-selected"
"a_3411","0719--5723-Adar 14k Sicha 10 nigunim end.mp3","5723","Adar",14,"",9.82,"https://audio.kohnai.ai/training/0719--5723-Adar%2014k%20Sicha%2010%20nigunim%20end.mp3","https://drive.google.com/file/d/15uOLfP3STwo1f6JueblAn_whMZVoiNEk/view","t_969","14 Adar 5723 Sicha 6.docx","/api/transcript?name=14%20Adar%205723%20Sicha%206.txt","https://drive.google.com/file/d/18mh3wkWC-qq8l5CGww7kT3pduOijrPQe/view",0.95,"50hr-selected"
"a_3922","0757--5724-Shvat 10d Mamar nigunim talking.mp3","5724","Shevat",10,"",36.86,"https://audio.kohnai.ai/training/0757--5724-Shvat%2010d%20Mamar%20nigunim%20talking.mp3","https://drive.google.com/file/d/10rr9NzLx595qsKb0ff6Ow5YFIuukcwz9/view","t_942","10 Shevat 5724 Sicha 2.docx","/api/transcript?name=10%20Shevat%205724%20Sicha%202.txt","https://drive.google.com/file/d/1Lebc0Q_mro0F1CmgfrXn7mu3634GxXij/view",0.95,"50hr-selected"
"a_3919","0760--5724-Shvat 10g Sicha 6.mp3","5724","Shevat",10,"",16.76,"https://audio.kohnai.ai/training/0760--5724-Shvat%2010g%20Sicha%206.mp3","https://drive.google.com/file/d/1K8gSOQxNnGyBz9hZ978YVKNKmTxZ-ciS/view","t_942","10 Shevat 5724 Sicha 2.docx","/api/transcript?name=10%20Shevat%205724%20Sicha%202.txt","https://drive.google.com/file/d/1Lebc0Q_mro0F1CmgfrXn7mu3634GxXij/view",0.95,"50hr-selected"
"a_3917","0762--5724-Shvat 10i Sicha 8 nigunim.mp3","5724","Shevat",10,"",10.2,"https://audio.kohnai.ai/training/0762--5724-Shvat%2010i%20Sicha%208%20nigunim.mp3","https://drive.google.com/file/d/17Hw6BZ6JMeaNvNhLt6rvjvqbbFYOpXsI/view","t_942","10 Shevat 5724 Sicha 2.docx","/api/transcript?name=10%20Shevat%205724%20Sicha%202.txt","https://drive.google.com/file/d/1Lebc0Q_mro0F1CmgfrXn7mu3634GxXij/view",0.95,"50hr-selected"
"a_3911","0769--5724-Adar 14f Mamar.mp3","5724","Adar",14,"",17.77,"https://audio.kohnai.ai/training/0769--5724-Adar%2014f%20Mamar.mp3","https://drive.google.com/file/d/1DkVvK0zffPrg_n6UJ4zbp9EB8tf8EdIM/view","t_958","14 Adar 5724 Sicha 3.docx","/api/transcript?name=14%20Adar%205724%20Sicha%203.txt","https://drive.google.com/file/d/1Y8RNomAtCvfGywG4_HP_dAT3aynRNSv6/view",0.95,"50hr-selected"
"a_3910","0770--5724-Adar 14g Sicha 6.mp3","5724","Adar",14,"",26.81,"https://audio.kohnai.ai/training/0770--5724-Adar%2014g%20Sicha%206.mp3","https://drive.google.com/file/d/1pap6Omkt-DnbZTwai0sKdVkoFOGlLmWN/view","t_958","14 Adar 5724 Sicha 3.docx","/api/transcript?name=14%20Adar%205724%20Sicha%203.txt","https://drive.google.com/file/d/1Y8RNomAtCvfGywG4_HP_dAT3aynRNSv6/view",0.95,"50hr-selected"
"a_3907","0772--5724-Adar 14i Sicha 8.mp3","5724","Adar",14,"",8.03,"https://audio.kohnai.ai/training/0772--5724-Adar%2014i%20Sicha%208.mp3","https://drive.google.com/file/d/1-tNxhXR-LFO70pLqTQGcCwgYiRdaunI2/view","t_958","14 Adar 5724 Sicha 3.docx","/api/transcript?name=14%20Adar%205724%20Sicha%203.txt","https://drive.google.com/file/d/1Y8RNomAtCvfGywG4_HP_dAT3aynRNSv6/view",0.95,"50hr-selected"
"a_3908","0773--5724-Adar 14j Sicha 9.mp3","5724","Adar",14,"",9.87,"https://audio.kohnai.ai/training/0773--5724-Adar%2014j%20Sicha%209.mp3","https://drive.google.com/file/d/19VSJ4wPJNyVTzV4ybiw-iMDamnyK1U_o/view","t_958","14 Adar 5724 Sicha 3.docx","/api/transcript?name=14%20Adar%205724%20Sicha%203.txt","https://drive.google.com/file/d/1Y8RNomAtCvfGywG4_HP_dAT3aynRNSv6/view",0.95,"50hr-selected"
"a_3906","0775--5724-Adar 14l Sicha 11 end.mp3","5724","Adar",14,"",15.92,"https://audio.kohnai.ai/training/0775--5724-Adar%2014l%20Sicha%2011%20end.mp3","https://drive.google.com/file/d/1RzZWyOI539klz37t5HTH8HYf_xXFOtfQ/view","t_958","14 Adar 5724 Sicha 3.docx","/api/transcript?name=14%20Adar%205724%20Sicha%203.txt","https://drive.google.com/file/d/1Y8RNomAtCvfGywG4_HP_dAT3aynRNSv6/view",0.95,"50hr-selected"
"a_3901","0779--5724-Tamuz 12d Mamar nigunim talking.mp3","5724","Tamuz",12,"",28.95,"https://audio.kohnai.ai/training/0779--5724-Tamuz%2012d%20Mamar%20nigunim%20talking.mp3","https://drive.google.com/file/d/10N7kc3QkJjYncFOxS14ePVqBivGUlAXJ/view","t_949","12 Tammuz 5724 Sicha 2.docx","/api/transcript?name=12%20Tammuz%205724%20Sicha%202.txt","https://drive.google.com/file/d/1pD5-JWd8ifW9Y2JirfjuiNoBaDKJP55_/view",0.95,"50hr-selected"
"a_3894","0785--5724-Tamuz 12j Sicha 9.mp3","5724","Tamuz",12,"",7.67,"https://audio.kohnai.ai/training/0785--5724-Tamuz%2012j%20Sicha%209.mp3","https://drive.google.com/file/d/1X1yudwKXGrWATnykVe2uVGM-wgvuoQlF/view","t_949","12 Tammuz 5724 Sicha 2.docx","/api/transcript?name=12%20Tammuz%205724%20Sicha%202.txt","https://drive.google.com/file/d/1pD5-JWd8ifW9Y2JirfjuiNoBaDKJP55_/view",0.95,"50hr-selected"
"a_3893","0787--5724-Tamuz 12l Sicha 11.mp3","5724","Tamuz",12,"",12.67,"https://audio.kohnai.ai/training/0787--5724-Tamuz%2012l%20Sicha%2011.mp3","https://drive.google.com/file/d/1P2PDqPESluzIAjRm3WVIJQUrg7iKM65-/view","t_949","12 Tammuz 5724 Sicha 2.docx","/api/transcript?name=12%20Tammuz%205724%20Sicha%202.txt","https://drive.google.com/file/d/1pD5-JWd8ifW9Y2JirfjuiNoBaDKJP55_/view",0.95,"50hr-selected"
"a_3891","0788--5724-Tamuz 12m Sicha 12.mp3","5724","Tamuz",12,"",10.68,"https://audio.kohnai.ai/training/0788--5724-Tamuz%2012m%20Sicha%2012.mp3","https://drive.google.com/file/d/124JgCFdZBWuk-JszjRbjrkiEIiJJBNvN/view","t_949","12 Tammuz 5724 Sicha 2.docx","/api/transcript?name=12%20Tammuz%205724%20Sicha%202.txt","https://drive.google.com/file/d/1pD5-JWd8ifW9Y2JirfjuiNoBaDKJP55_/view",0.95,"50hr-selected"
"a_3554","0817--5725-Shvat 10g Mamar.mp3","5725","Shevat",10,"",24.95,"https://audio.kohnai.ai/training/0817--5725-Shvat%2010g%20Mamar.mp3","https://drive.google.com/file/d/13zHQSLy91nLanrziMs63J8NyN4n6cf3t/view","t_988","10 Shvat 5725 sicha 6.doc","/api/transcript?name=10%20Shvat%205725%20sicha%206.txt","https://drive.google.com/file/d/1fiy2fcgLRMRChEHtQnYw0rDQtauGcPhn/view",0.95,"50hr-selected"
"a_3553","0818--5725-Shvat 10h Sicha 7.mp3","5725","Shevat",10,"",37.68,"https://audio.kohnai.ai/training/0818--5725-Shvat%2010h%20Sicha%207.mp3","https://drive.google.com/file/d/1tE0oc5OC3jX7W2Lv_hDGvSOQvVeAKz0n/view","t_988","10 Shvat 5725 sicha 6.doc","/api/transcript?name=10%20Shvat%205725%20sicha%206.txt","https://drive.google.com/file/d/1fiy2fcgLRMRChEHtQnYw0rDQtauGcPhn/view",0.95,"50hr-selected"
"a_3552","0819--5725-Shvat 10i Sicha 8.mp3","5725","Shevat",10,"",16.84,"https://audio.kohnai.ai/training/0819--5725-Shvat%2010i%20Sicha%208.mp3","https://drive.google.com/file/d/1ZfRby7gXGA7nP0Gz1CnO57lvtPBbZSQe/view","t_988","10 Shvat 5725 sicha 6.doc","/api/transcript?name=10%20Shvat%205725%20sicha%206.txt","https://drive.google.com/file/d/1fiy2fcgLRMRChEHtQnYw0rDQtauGcPhn/view",0.95,"50hr-selected"
"a_3551","0821--5725-Shvat 10k Sicha 10.mp3","5725","Shevat",10,"",9.52,"https://audio.kohnai.ai/training/0821--5725-Shvat%2010k%20Sicha%2010.mp3","https://drive.google.com/file/d/1JdpFUjiThCjHl8wyLc4nvyzWXnStPr9k/view","t_988","10 Shvat 5725 sicha 6.doc","/api/transcript?name=10%20Shvat%205725%20sicha%206.txt","https://drive.google.com/file/d/1fiy2fcgLRMRChEHtQnYw0rDQtauGcPhn/view",0.95,"50hr-selected"
"a_3548","0822--5725-Shvat 10l Sicha 11 end.mp3","5725","Shevat",10,"",7.37,"https://audio.kohnai.ai/training/0822--5725-Shvat%2010l%20Sicha%2011%20end.mp3","https://drive.google.com/file/d/1d6vP8A6GFT6GAimYP1UXFqo-31nA1Dve/view","t_988","10 Shvat 5725 sicha 6.doc","/api/transcript?name=10%20Shvat%205725%20sicha%206.txt","https://drive.google.com/file/d/1fiy2fcgLRMRChEHtQnYw0rDQtauGcPhn/view",0.95,"50hr-selected"
"a_3543","0828--5725-Adar 14f Mamar.mp3","5725","Adar",14,"",20.92,"https://audio.kohnai.ai/training/0828--5725-Adar%2014f%20Mamar.mp3","https://drive.google.com/file/d/1fhNyWR9yYEZicVebZrDDnWKADbmvpl8i/view","t_945","14 Adar 5725 Sicha 4.docx","/api/transcript?name=14%20Adar%205725%20Sicha%204.txt","https://drive.google.com/file/d/1l4QjYFp_5GAbeY0KXz-NygjOAbbreC3t/view",0.95,"50hr-selected"
"a_3542","0829--5725-Adar 14g Sicha 6.mp3","5725","Adar",14,"",11.88,"https://audio.kohnai.ai/training/0829--5725-Adar%2014g%20Sicha%206.mp3","https://drive.google.com/file/d/1thg_0eT9pa8cXcLzcuwXFEvyXKFnFRha/view","t_945","14 Adar 5725 Sicha 4.docx","/api/transcript?name=14%20Adar%205725%20Sicha%204.txt","https://drive.google.com/file/d/1l4QjYFp_5GAbeY0KXz-NygjOAbbreC3t/view",0.95,"50hr-selected"
"a_3540","0831--5725-Adar 14i Sicha 8.mp3","5725","Adar",14,"",12.73,"https://audio.kohnai.ai/training/0831--5725-Adar%2014i%20Sicha%208.mp3","https://drive.google.com/file/d/1AtrS0yBqZPekQWyEIr9Z2GBJnGwfZMj8/view","t_945","14 Adar 5725 Sicha 4.docx","/api/transcript?name=14%20Adar%205725%20Sicha%204.txt","https://drive.google.com/file/d/1l4QjYFp_5GAbeY0KXz-NygjOAbbreC3t/view",0.95,"50hr-selected"
"a_3538","0832--5725-Adar 14j Sicha 9.mp3","5725","Adar",14,"",19.61,"https://audio.kohnai.ai/training/0832--5725-Adar%2014j%20Sicha%209.mp3","https://drive.google.com/file/d/1BCjasUpW4JK5GOttA4nLG6CVt-0Xsy-R/view","t_945","14 Adar 5725 Sicha 4.docx","/api/transcript?name=14%20Adar%205725%20Sicha%204.txt","https://drive.google.com/file/d/1l4QjYFp_5GAbeY0KXz-NygjOAbbreC3t/view",0.95,"50hr-selected"
"a_3534","0835--5725-Adar 14m Sicha 12 end.mp3","5725","Adar",14,"",12.04,"https://audio.kohnai.ai/training/0835--5725-Adar%2014m%20Sicha%2012%20end.mp3","https://drive.google.com/file/d/1NRzbtVkLnHvJmQbKywJyz-jdLLnPqgPr/view","t_945","14 Adar 5725 Sicha 4.docx","/api/transcript?name=14%20Adar%205725%20Sicha%204.txt","https://drive.google.com/file/d/1l4QjYFp_5GAbeY0KXz-NygjOAbbreC3t/view",0.95,"50hr-selected"
"a_3204","0869--5726-Kislev 19f Mamar.mp3","5726","Kislev",19,"",25.5,"https://audio.kohnai.ai/training/0869--5726-Kislev%2019f%20Mamar.mp3","https://drive.google.com/file/d/1ILCIUEUtn5SmQYiNf9rCnwcYIZ24yJ7K/view","t_989","19 Kislev 5726 Sicha 6 - Chassidus.doc","/api/transcript?name=19%20Kislev%205726%20Sicha%206%20-%20Chassidus.txt","https://drive.google.com/file/d/1hpO_hU1TlarvzkxamyOx9GZMFoDGpW70/view",0.95,"50hr-selected"
"a_3200","0873--5726-Kislev 19j Sicha 9 Siyum.mp3","5726","Kislev",19,"",18.15,"https://audio.kohnai.ai/training/0873--5726-Kislev%2019j%20Sicha%209%20Siyum.mp3","https://drive.google.com/file/d/1ewI3XXwg08aDmTpCFQYNaagiPI5Cj7CM/view","t_989","19 Kislev 5726 Sicha 6 - Chassidus.doc","/api/transcript?name=19%20Kislev%205726%20Sicha%206%20-%20Chassidus.txt","https://drive.google.com/file/d/1hpO_hU1TlarvzkxamyOx9GZMFoDGpW70/view",0.95,"50hr-selected"
"a_3199","0874--5726-Kislev 19k Sicha 10.mp3","5726","Kislev",19,"",12.12,"https://audio.kohnai.ai/training/0874--5726-Kislev%2019k%20Sicha%2010.mp3","https://drive.google.com/file/d/1qGvbKsEEkW6lCOvREPk_M_b6gaYgXxKU/view","t_989","19 Kislev 5726 Sicha 6 - Chassidus.doc","/api/transcript?name=19%20Kislev%205726%20Sicha%206%20-%20Chassidus.txt","https://drive.google.com/file/d/1hpO_hU1TlarvzkxamyOx9GZMFoDGpW70/view",0.95,"50hr-selected"
"a_3193","0880--5726-Shvat 10e Mamar.mp3","5726","Shevat",10,"",21.98,"https://audio.kohnai.ai/training/0880--5726-Shvat%2010e%20Mamar.mp3","https://drive.google.com/file/d/1qwgCkJ0u6lOng8Pq8EczZrVjAsT48GFw/view","t_987","10 Shevat 5726 Sicha 1.docx","/api/transcript?name=10%20Shevat%205726%20Sicha%201.txt","https://drive.google.com/file/d/13-hZ4t1nDFkBuAra4mXcfNuTxbS8Wt-e/view",0.95,"50hr-selected"
"a_3192","0881--5726-Shvat 10f Sicha 5.mp3","5726","Shevat",10,"",18.43,"https://audio.kohnai.ai/training/0881--5726-Shvat%2010f%20Sicha%205.mp3","https://drive.google.com/file/d/1x7IbzcUaBbWSElhK9zXIxFOtIFyyJ0zy/view","t_987","10 Shevat 5726 Sicha 1.docx","/api/transcript?name=10%20Shevat%205726%20Sicha%201.txt","https://drive.google.com/file/d/13-hZ4t1nDFkBuAra4mXcfNuTxbS8Wt-e/view",0.95,"50hr-selected"
"a_3191","0882--5726-Shvat 10g Sicha 6.mp3","5726","Shevat",10,"",7.63,"https://audio.kohnai.ai/training/0882--5726-Shvat%2010g%20Sicha%206.mp3","https://drive.google.com/file/d/1XbnFTw6sT8cnnMdrgNLVEAOIYLJyWwPS/view","t_987","10 Shevat 5726 Sicha 1.docx","/api/transcript?name=10%20Shevat%205726%20Sicha%201.txt","https://drive.google.com/file/d/13-hZ4t1nDFkBuAra4mXcfNuTxbS8Wt-e/view",0.95,"50hr-selected"
"a_3189","0883--5726-Shvat 10h Sicha 7.mp3","5726","Shevat",10,"",12.56,"https://audio.kohnai.ai/training/0883--5726-Shvat%2010h%20Sicha%207.mp3","https://drive.google.com/file/d/1Vn7SCMgy-2A-XY0rfBTncZLILVSb8fbr/view","t_987","10 Shevat 5726 Sicha 1.docx","/api/transcript?name=10%20Shevat%205726%20Sicha%201.txt","https://drive.google.com/file/d/13-hZ4t1nDFkBuAra4mXcfNuTxbS8Wt-e/view",0.95,"50hr-selected"
"a_3170","0903--5726-Nissan 13 Sicha 1.mp3","5726","Nissan",13,"",17.93,"https://audio.kohnai.ai/training/0903--5726-Nissan%2013%20Sicha%201.mp3","https://drive.google.com/file/d/1uKB9_J0MFawLfhqPKOvNtRCOMaW-KtSf/view","t_978","13 Nissan 5726 Sicha 4 - Achdus Chassidim.doc","/api/transcript?name=13%20Nissan%205726%20Sicha%204%20-%20Achdus%20Chassidim.txt","https://drive.google.com/file/d/1odXzm6dyoEUzRneKPpeowHwjIu16Q5xm/view",0.95,"50hr-selected"
"a_3168","0904--5726-Nissan 13b Sicha 2.mp3","5726","Nissan",13,"",10.01,"https://audio.kohnai.ai/training/0904--5726-Nissan%2013b%20Sicha%202.mp3","https://drive.google.com/file/d/1DMJ4IMlgnv3Hfsl9wE1xfZZgw22GMl9E/view","t_978","13 Nissan 5726 Sicha 4 - Achdus Chassidim.doc","/api/transcript?name=13%20Nissan%205726%20Sicha%204%20-%20Achdus%20Chassidim.txt","https://drive.google.com/file/d/1odXzm6dyoEUzRneKPpeowHwjIu16Q5xm/view",0.95,"50hr-selected"
"a_3169","0905--5726-Nissan 13c Sicha 3.mp3","5726","Nissan",13,"",14.57,"https://audio.kohnai.ai/training/0905--5726-Nissan%2013c%20Sicha%203.mp3","https://drive.google.com/file/d/1sAJgBYLoahf_tonqgmc-5tApG_GU_rZ7/view","t_978","13 Nissan 5726 Sicha 4 - Achdus Chassidim.doc","/api/transcript?name=13%20Nissan%205726%20Sicha%204%20-%20Achdus%20Chassidim.txt","https://drive.google.com/file/d/1odXzm6dyoEUzRneKPpeowHwjIu16Q5xm/view",0.95,"50hr-selected"
"a_3166","0907--5726-Nissan 13e Sicha 5.mp3","5726","Nissan",13,"",7.34,"https://audio.kohnai.ai/training/0907--5726-Nissan%2013e%20Sicha%205.mp3","https://drive.google.com/file/d/1qgUtWuJNzqHiD9VWzZfo33SPscGn0TnP/view","t_978","13 Nissan 5726 Sicha 4 - Achdus Chassidim.doc","/api/transcript?name=13%20Nissan%205726%20Sicha%204%20-%20Achdus%20Chassidim.txt","https://drive.google.com/file/d/1odXzm6dyoEUzRneKPpeowHwjIu16Q5xm/view",0.95,"50hr-selected"
"a_3163","0910--5726-Nissan 13h Sicha 8 end.mp3","5726","Nissan",13,"",8.37,"https://audio.kohnai.ai/training/0910--5726-Nissan%2013h%20Sicha%208%20end.mp3","https://drive.google.com/file/d/1A7ZIAApoLUXc-yHLlX25r7CHJ_hf-Gvg/view","t_978","13 Nissan 5726 Sicha 4 - Achdus Chassidim.doc","/api/transcript?name=13%20Nissan%205726%20Sicha%204%20-%20Achdus%20Chassidim.txt","https://drive.google.com/file/d/1odXzm6dyoEUzRneKPpeowHwjIu16Q5xm/view",0.95,"50hr-selected"
"a_3222","0975--5727-Tamuz 12e Mamar.mp3","5727","Tamuz",12,"",15.49,"https://audio.kohnai.ai/training/0975--5727-Tamuz%2012e%20Mamar.mp3","https://drive.google.com/file/d/1kKlRmNE6441FBeCyeV213FZn8F930yRG/view","t_939","12 Tammuz 5727 Sicha 7.docx","/api/transcript?name=12%20Tammuz%205727%20Sicha%207.txt","https://drive.google.com/file/d/1ZPQcA9bQw-SAt5o5deSDPxNi0ArS829u/view",0.95,"50hr-selected"
"a_3219","0978--5727-Tamuz 12h Sicha 7.mp3","5727","Tamuz",12,"",14.49,"https://audio.kohnai.ai/training/0978--5727-Tamuz%2012h%20Sicha%207.mp3","https://drive.google.com/file/d/1WcTOke5I_IB50sHh7mQlA24kdE-XJpC_/view","t_939","12 Tammuz 5727 Sicha 7.docx","/api/transcript?name=12%20Tammuz%205727%20Sicha%207.txt","https://drive.google.com/file/d/1ZPQcA9bQw-SAt5o5deSDPxNi0ArS829u/view",0.95,"50hr-selected"
"a_3218","0979--5727-Tamuz 12i Sicha 8.mp3","5727","Tamuz",12,"",8.18,"https://audio.kohnai.ai/training/0979--5727-Tamuz%2012i%20Sicha%208.mp3","https://drive.google.com/file/d/11kjvQ2sZ28Iitwk_CjlHQsyK6Ug2RM8-/view","t_939","12 Tammuz 5727 Sicha 7.docx","/api/transcript?name=12%20Tammuz%205727%20Sicha%207.txt","https://drive.google.com/file/d/1ZPQcA9bQw-SAt5o5deSDPxNi0ArS829u/view",0.95,"50hr-selected"
"a_3217","0980--5727-Tamuz 12j Sicha 9.mp3","5727","Tamuz",12,"",14.87,"https://audio.kohnai.ai/training/0980--5727-Tamuz%2012j%20Sicha%209.mp3","https://drive.google.com/file/d/1MPT7KcSIWvKD1dCKJa2EQV1gpnAvn1s-/view","t_939","12 Tammuz 5727 Sicha 7.docx","/api/transcript?name=12%20Tammuz%205727%20Sicha%207.txt","https://drive.google.com/file/d/1ZPQcA9bQw-SAt5o5deSDPxNi0ArS829u/view",0.95,"50hr-selected"
"a_3213","0983--5727-Tamuz 12m Sicha 12 and saying to say lchayim.mp3","5727","Tamuz",12,"",14.83,"https://audio.kohnai.ai/training/0983--5727-Tamuz%2012m%20Sicha%2012%20and%20saying%20to%20say%20lchayim.mp3","https://drive.google.com/file/d/1PJTK43SF_6XsRmYXz2EXnH2mRMv3MPUb/view","t_939","12 Tammuz 5727 Sicha 7.docx","/api/transcript?name=12%20Tammuz%205727%20Sicha%207.txt","https://drive.google.com/file/d/1ZPQcA9bQw-SAt5o5deSDPxNi0ArS829u/view",0.95,"50hr-selected"
"a_3211","0986--5727-Tamuz 12p Sicha 15.mp3","5727","Tamuz",12,"",12.1,"https://audio.kohnai.ai/training/0986--5727-Tamuz%2012p%20Sicha%2015.mp3","https://drive.google.com/file/d/1cfxNcrcjF0mkzJB34PjCiXjBjQCVOxOg/view","t_939","12 Tammuz 5727 Sicha 7.docx","/api/transcript?name=12%20Tammuz%205727%20Sicha%207.txt","https://drive.google.com/file/d/1ZPQcA9bQw-SAt5o5deSDPxNi0ArS829u/view",0.95,"50hr-selected"
"a_3326","0999--5728-Kislev 19e Sicha 5.mp3","5728","Kislev",19,"",21.17,"https://audio.kohnai.ai/training/0999--5728-Kislev%2019e%20Sicha%205.mp3","https://drive.google.com/file/d/1U2WHSrYn6hCgzXTR0wEiOb733FyJ8uUq/view","t_955","19 Kislev 5728 Sicha 4.docx","/api/transcript?name=19%20Kislev%205728%20Sicha%204.txt","https://drive.google.com/file/d/1KmjlwMc_a2hsW136CptRCwLxckWfM_Bk/view",0.95,"50hr-selected"
"a_3323","1001--5728-Kislev 19g Mamar.mp3","5728","Kislev",19,"",21.76,"https://audio.kohnai.ai/training/1001--5728-Kislev%2019g%20Mamar.mp3","https://drive.google.com/file/d/1O9QhUrn4BsZbD_elbVfNJqsQzmzWD7kk/view","t_955","19 Kislev 5728 Sicha 4.docx","/api/transcript?name=19%20Kislev%205728%20Sicha%204.txt","https://drive.google.com/file/d/1KmjlwMc_a2hsW136CptRCwLxckWfM_Bk/view",0.95,"50hr-selected"
"a_3297","1027--5728-Adar 14f Mamar.mp3","5728","Adar",14,"",13.62,"https://audio.kohnai.ai/training/1027--5728-Adar%2014f%20Mamar.mp3","https://drive.google.com/file/d/1XhqqZ7KlETw2wShxDEBc81ze_VDWIrv5/view","t_979","14 Adar 5728 - Pina Nidachas.doc","/api/transcript?name=14%20Adar%205728%20-%20Pina%20Nidachas.txt","https://drive.google.com/file/d/1gJ3wsGsDcllJiORduR1Zp5kmzz0J2Gqo/view",0.95,"50hr-selected"
"a_3295","1030--5728-Adar 14i Sicha 8.mp3","5728","Adar",14,"",22.2,"https://audio.kohnai.ai/training/1030--5728-Adar%2014i%20Sicha%208.mp3","https://drive.google.com/file/d/16TSRnFEQhyrn1Ge7J8z_rz3X7DQl40uB/view","t_979","14 Adar 5728 - Pina Nidachas.doc","/api/transcript?name=14%20Adar%205728%20-%20Pina%20Nidachas.txt","https://drive.google.com/file/d/1gJ3wsGsDcllJiORduR1Zp5kmzz0J2Gqo/view",0.95,"50hr-selected"
"a_3294","1031--5728-Adar 14j Sicha 9.mp3","5728","Adar",14,"",8.4,"https://audio.kohnai.ai/training/1031--5728-Adar%2014j%20Sicha%209.mp3","https://drive.google.com/file/d/1Zd0S54xZIGjZbTaG7hubzRqq-0lAFXcK/view","t_979","14 Adar 5728 - Pina Nidachas.doc","/api/transcript?name=14%20Adar%205728%20-%20Pina%20Nidachas.txt","https://drive.google.com/file/d/1gJ3wsGsDcllJiORduR1Zp5kmzz0J2Gqo/view",0.95,"50hr-selected"
"a_3293","1032--5728-Adar 14k Sicha 10 end.mp3","5728","Adar",14,"",10.73,"https://audio.kohnai.ai/training/1032--5728-Adar%2014k%20Sicha%2010%20end.mp3","https://drive.google.com/file/d/1BXobWccGXpHAgfRob2Y5wOIaOJ2UXxF6/view","t_979","14 Adar 5728 - Pina Nidachas.doc","/api/transcript?name=14%20Adar%205728%20-%20Pina%20Nidachas.txt","https://drive.google.com/file/d/1gJ3wsGsDcllJiORduR1Zp5kmzz0J2Gqo/view",0.95,"50hr-selected"
"a_3262","1033--5728-Iyar 28 Sicha Nshei chabad.mp3","5728","Iyar",28,"",13.25,"https://audio.kohnai.ai/training/1033--5728-Iyar%2028%20Sicha%20Nshei%20chabad.mp3","https://drive.google.com/file/d/1rNv8t_VoZl3Wi1TBwkCIX2yh17xt2Mxq/view","t_985","28 Iyar 5728 - Tznius.doc","/api/transcript?name=28%20Iyar%205728%20-%20Tznius.txt","https://drive.google.com/file/d/1uZfOnWTLkILgQRlImRkqJ7S_JOuD9yqn/view",0.95,"50hr-selected"
"a_3284","1041--5728-Tamuz 12f Mamar.mp3","5728","Tamuz",12,"",20.79,"https://audio.kohnai.ai/training/1041--5728-Tamuz%2012f%20Mamar.mp3","https://drive.google.com/file/d/1awliJKYeJdRxtbcKCsXKFqLfFXPmLW7u/view","t_967","12 Tammuz 5728 Sicha 6.docx","/api/transcript?name=12%20Tammuz%205728%20Sicha%206.txt","https://drive.google.com/file/d/13__QtQ3OIQBtRahv-Mx7Mi95M50TOGjK/view",0.95,"50hr-selected"
"a_3278","1048--5728-Tamuz 12m Sicha 12.mp3","5728","Tamuz",12,"",7.55,"https://audio.kohnai.ai/training/1048--5728-Tamuz%2012m%20Sicha%2012.mp3","https://drive.google.com/file/d/1Cb203p2Wcwn9yePFmEybhflTOmJj_B4O/view","t_967","12 Tammuz 5728 Sicha 6.docx","/api/transcript?name=12%20Tammuz%205728%20Sicha%206.txt","https://drive.google.com/file/d/13__QtQ3OIQBtRahv-Mx7Mi95M50TOGjK/view",0.95,"50hr-selected"
"a_3276","1050--5728-Tamuz 12o Sicha 14.mp3","5728","Tamuz",12,"",7.34,"https://audio.kohnai.ai/training/1050--5728-Tamuz%2012o%20Sicha%2014.mp3","https://drive.google.com/file/d/15a0jvRisPgB3DWEppOJ5Qt6gPkYK6i8J/view","t_967","12 Tammuz 5728 Sicha 6.docx","/api/transcript?name=12%20Tammuz%205728%20Sicha%206.txt","https://drive.google.com/file/d/13__QtQ3OIQBtRahv-Mx7Mi95M50TOGjK/view",0.95,"50hr-selected"
"a_2727","1068--5729-Kislev 19e Mamar.mp3","5729","Kislev",19,"",20.31,"https://audio.kohnai.ai/training/1068--5729-Kislev%2019e%20Mamar.mp3","https://drive.google.com/file/d/1WRWYCEcOWoQ9glawpIgPMFr7cW82BfBv/view","t_320","Sicha 3 19 Kislev 5729.pdf","/api/transcript?name=Sicha%203%2019%20Kislev%205729.txt","https://drive.google.com/file/d/1nRP1i9oJ4QarAlgV1PM5gpw3kwSV0rDl/view",0.95,"50hr-selected"
"a_2726","1070--5729-Kislev 19g Sicha 6.mp3","5729","Kislev",19,"",36.81,"https://audio.kohnai.ai/training/1070--5729-Kislev%2019g%20Sicha%206.mp3","https://drive.google.com/file/d/1edtxJB7jcxNclomn4Eto3ztTltZ2swQK/view","t_320","Sicha 3 19 Kislev 5729.pdf","/api/transcript?name=Sicha%203%2019%20Kislev%205729.txt","https://drive.google.com/file/d/1nRP1i9oJ4QarAlgV1PM5gpw3kwSV0rDl/view",0.95,"50hr-selected"
"a_2725","1071--5729-Kislev 19h Sicha 7.mp3","5729","Kislev",19,"",13.88,"https://audio.kohnai.ai/training/1071--5729-Kislev%2019h%20Sicha%207.mp3","https://drive.google.com/file/d/1A15REsu59vKAxaB1dhpq0ga4jfb10XbD/view","t_320","Sicha 3 19 Kislev 5729.pdf","/api/transcript?name=Sicha%203%2019%20Kislev%205729.txt","https://drive.google.com/file/d/1nRP1i9oJ4QarAlgV1PM5gpw3kwSV0rDl/view",0.95,"50hr-selected"
"a_2724","1072--5729-Kislev 19i Sicha 8.mp3","5729","Kislev",19,"",8.03,"https://audio.kohnai.ai/training/1072--5729-Kislev%2019i%20Sicha%208.mp3","https://drive.google.com/file/d/1YVojBvfJtbXft5sO_NdZJfxOYyTVN1JB/view","t_320","Sicha 3 19 Kislev 5729.pdf","/api/transcript?name=Sicha%203%2019%20Kislev%205729.txt","https://drive.google.com/file/d/1nRP1i9oJ4QarAlgV1PM5gpw3kwSV0rDl/view",0.95,"50hr-selected"
"a_2704","1092--5729-Adar 14e Mamar.mp3","5729","Adar",14,"",20.81,"https://audio.kohnai.ai/training/1092--5729-Adar%2014e%20Mamar.mp3","https://drive.google.com/file/d/1T5raWiJ-Y1G5gVd0wIMxjtdH4dcp5fSq/view","t_961","14 adar 5729 Sicha 8.docx","/api/transcript?name=14%20adar%205729%20Sicha%208.txt","https://drive.google.com/file/d/1EkIDre7TWnBvDyVt23o6rUeYkd2f_U4N/view",0.95,"50hr-selected"
"a_2700","1096--5729-Adar 14i Sicha 8.mp3","5729","Adar",14,"",20.01,"https://audio.kohnai.ai/training/1096--5729-Adar%2014i%20Sicha%208.mp3","https://drive.google.com/file/d/16lqzDdAbpEiBCiTHDXTB-jyJu8vIEDPC/view","t_961","14 adar 5729 Sicha 8.docx","/api/transcript?name=14%20adar%205729%20Sicha%208.txt","https://drive.google.com/file/d/1EkIDre7TWnBvDyVt23o6rUeYkd2f_U4N/view",0.95,"50hr-selected"
"a_2697","1100--5729-Adar 14m Sicha 12.mp3","5729","Adar",14,"",16.13,"https://audio.kohnai.ai/training/1100--5729-Adar%2014m%20Sicha%2012.mp3","https://drive.google.com/file/d/1qd_QbOjyS2wQjfdYIaymLknBY2OrLHwY/view","t_961","14 adar 5729 Sicha 8.docx","/api/transcript?name=14%20adar%205729%20Sicha%208.txt","https://drive.google.com/file/d/1EkIDre7TWnBvDyVt23o6rUeYkd2f_U4N/view",0.95,"50hr-selected"
"a_2686","1109--5729-Tamuz 13f Sicha 6.mp3","5729","Tamuz",13,"",20.97,"https://audio.kohnai.ai/training/1109--5729-Tamuz%2013f%20Sicha%206.mp3","https://drive.google.com/file/d/1gZ7AECvvE2zdetsBgrHtXd1DcQMG1hua/view","t_944","13 Tammuz 5729 Sicha 2.docx","/api/transcript?name=13%20Tammuz%205729%20Sicha%202.txt","https://drive.google.com/file/d/15h04rGgdtDxCrtDWdgVs38So9aniqlgZ/view",0.95,"50hr-selected"
"a_2685","1111--5729-Tamuz 13h Mamar.mp3","5729","Tamuz",13,"",23.34,"https://audio.kohnai.ai/training/1111--5729-Tamuz%2013h%20Mamar.mp3","https://drive.google.com/file/d/1u7fNErFNgzI4XObDqfaEqAmOpHuigb7W/view","t_944","13 Tammuz 5729 Sicha 2.docx","/api/transcript?name=13%20Tammuz%205729%20Sicha%202.txt","https://drive.google.com/file/d/15h04rGgdtDxCrtDWdgVs38So9aniqlgZ/view",0.95,"50hr-selected"
"a_2684","1112--5729-Tamuz 13i Sicha 8.mp3","5729","Tamuz",13,"",17.52,"https://audio.kohnai.ai/training/1112--5729-Tamuz%2013i%20Sicha%208.mp3","https://drive.google.com/file/d/1B9ibpyB95v4j67Kgz-g8j0oDv9O002ex/view","t_944","13 Tammuz 5729 Sicha 2.docx","/api/transcript?name=13%20Tammuz%205729%20Sicha%202.txt","https://drive.google.com/file/d/15h04rGgdtDxCrtDWdgVs38So9aniqlgZ/view",0.95,"50hr-selected"
"a_2681","1114--5729-Tamuz 13k Sicha 10.mp3","5729","Tamuz",13,"",8.63,"https://audio.kohnai.ai/training/1114--5729-Tamuz%2013k%20Sicha%2010.mp3","https://drive.google.com/file/d/17CCSr9vDnt0Z87TFcMfi4z9bv9W6DlpG/view","t_944","13 Tammuz 5729 Sicha 2.docx","/api/transcript?name=13%20Tammuz%205729%20Sicha%202.txt","https://drive.google.com/file/d/15h04rGgdtDxCrtDWdgVs38So9aniqlgZ/view",0.95,"50hr-selected"
"a_2881","1165--5730-Shvat 20 Mamar.mp3","5730","Shevat",20,"",22.02,"https://audio.kohnai.ai/training/1165--5730-Shvat%2020%20Mamar.mp3","https://drive.google.com/file/d/1aAhSj_duNXDfp76CVtYk4LNV4E1wvwG_/view","t_870","20 Shvat 5730 Sicha 4.docx","/api/transcript?name=20%20Shvat%205730%20Sicha%204.txt","https://drive.google.com/file/d/1aFI16XmPfX3QwwS6JHvYa57wC08ghFqf/view",0.95,"50hr-selected"
"a_2879","1166--5730-Shvat 20b Sicha 1.mp3","5730","Shevat",20,"",18.47,"https://audio.kohnai.ai/training/1166--5730-Shvat%2020b%20Sicha%201.mp3","https://drive.google.com/file/d/1_CH0s8OPMMQc_M8aippw7R-h7Fnk7YIW/view","t_870","20 Shvat 5730 Sicha 4.docx","/api/transcript?name=20%20Shvat%205730%20Sicha%204.txt","https://drive.google.com/file/d/1aFI16XmPfX3QwwS6JHvYa57wC08ghFqf/view",0.95,"50hr-selected"
"a_2878","1168--5730-Shvat 20d Sicha 3.mp3","5730","Shevat",20,"",20.5,"https://audio.kohnai.ai/training/1168--5730-Shvat%2020d%20Sicha%203.mp3","https://drive.google.com/file/d/1CvHzEPCrWePFHhUz50KmgH6QbvRbA0vS/view","t_870","20 Shvat 5730 Sicha 4.docx","/api/transcript?name=20%20Shvat%205730%20Sicha%204.txt","https://drive.google.com/file/d/1aFI16XmPfX3QwwS6JHvYa57wC08ghFqf/view",0.95,"50hr-selected"
"a_2877","1169--5730-Shvat 20e Sicha 4.mp3","5730","Shevat",20,"",6.84,"https://audio.kohnai.ai/training/1169--5730-Shvat%2020e%20Sicha%204.mp3","https://drive.google.com/file/d/1tlrKg1ZqIWtkaq9zE3l2idiyzfFGekF3/view","t_870","20 Shvat 5730 Sicha 4.docx","/api/transcript?name=20%20Shvat%205730%20Sicha%204.txt","https://drive.google.com/file/d/1aFI16XmPfX3QwwS6JHvYa57wC08ghFqf/view",0.95,"50hr-selected"
"a_2861","1185--5730-Iyar 18b Mamar.mp3","5730","Iyar",18,"",24.12,"https://audio.kohnai.ai/training/1185--5730-Iyar%2018b%20Mamar.mp3","https://drive.google.com/file/d/1WH9ABuzVUNr--CzjR0qgIcMc4-Kl99Na/view","t_933","18 Iyar 5730.doc","/api/transcript?name=18%20Iyar%205730.txt","https://drive.google.com/file/d/1pjEDehdfTxb2iBrau77-k3-7tekkrRyP/view",0.95,"50hr-selected"
"a_2860","1186--5730-Iyar 18c Sicha 2.mp3","5730","Iyar",18,"",31.05,"https://audio.kohnai.ai/training/1186--5730-Iyar%2018c%20Sicha%202.mp3","https://drive.google.com/file/d/1xC7T4ZRL3Ga3jLUDmXrmA6g8zFXhyJ0g/view","t_933","18 Iyar 5730.doc","/api/transcript?name=18%20Iyar%205730.txt","https://drive.google.com/file/d/1pjEDehdfTxb2iBrau77-k3-7tekkrRyP/view",0.95,"50hr-selected"
"a_2854","1193--5730-Tamuz 12f Mamar.mp3","5730","Tamuz",12,"",17.59,"https://audio.kohnai.ai/training/1193--5730-Tamuz%2012f%20Mamar.mp3","https://drive.google.com/file/d/1VLWqkk_tsNZHwQTXN_nlzT4G7I6Uvd1Q/view","t_907","12 Tammuz 5730 - Shlichus.doc","/api/transcript?name=12%20Tammuz%205730%20-%20Shlichus.txt","https://drive.google.com/file/d/1oV1u6SmU2KHlhP-oEJ8DbgSbLWr1nCX_/view",0.95,"50hr-selected"
"a_2851","1195--5730-Tamuz 12h Sicha 7.mp3","5730","Tamuz",12,"",13.6,"https://audio.kohnai.ai/training/1195--5730-Tamuz%2012h%20Sicha%207.mp3","https://drive.google.com/file/d/1sFP_0bcrb6bbGyj3nibNWVSRjuiu-OSm/view","t_907","12 Tammuz 5730 - Shlichus.doc","/api/transcript?name=12%20Tammuz%205730%20-%20Shlichus.txt","https://drive.google.com/file/d/1oV1u6SmU2KHlhP-oEJ8DbgSbLWr1nCX_/view",0.95,"50hr-selected"
"a_2850","1196--5730-Tamuz 12i Sicha 8.mp3","5730","Tamuz",12,"",10.21,"https://audio.kohnai.ai/training/1196--5730-Tamuz%2012i%20Sicha%208.mp3","https://drive.google.com/file/d/1PIkYqX72OXv5VBm9Hla-1Lnz94Q7xF8y/view","t_907","12 Tammuz 5730 - Shlichus.doc","/api/transcript?name=12%20Tammuz%205730%20-%20Shlichus.txt","https://drive.google.com/file/d/1oV1u6SmU2KHlhP-oEJ8DbgSbLWr1nCX_/view",0.95,"50hr-selected"
"a_2849","1197--5730-Tamuz 12j Sicha 9.mp3","5730","Tamuz",12,"",16.51,"https://audio.kohnai.ai/training/1197--5730-Tamuz%2012j%20Sicha%209.mp3","https://drive.google.com/file/d/1RLSlHyO_F_2Y90VUj8RxGb8kaCwToxcx/view","t_907","12 Tammuz 5730 - Shlichus.doc","/api/transcript?name=12%20Tammuz%205730%20-%20Shlichus.txt","https://drive.google.com/file/d/1oV1u6SmU2KHlhP-oEJ8DbgSbLWr1nCX_/view",0.95,"50hr-selected"
"a_2847","1198--5730-Tamuz 12k Sicha 10.mp3","5730","Tamuz",12,"",13.5,"https://audio.kohnai.ai/training/1198--5730-Tamuz%2012k%20Sicha%2010.mp3","https://drive.google.com/file/d/1nblyNNjuve7t9jXx3wbZNedTA2Np3ueS/view","t_907","12 Tammuz 5730 - Shlichus.doc","/api/transcript?name=12%20Tammuz%205730%20-%20Shlichus.txt","https://drive.google.com/file/d/1oV1u6SmU2KHlhP-oEJ8DbgSbLWr1nCX_/view",0.95,"50hr-selected"
"a_2663","1210--5731-Kislev 19d Mamar.mp3","5731","Kislev",19,"",21.06,"https://audio.kohnai.ai/training/1210--5731-Kislev%2019d%20Mamar.mp3","https://drive.google.com/file/d/1ajW5W5kkvGGw-2_xuwU5j0uHBzD1Xpje/view","t_912","19 Kislev 5731.doc","/api/transcript?name=19%20Kislev%205731.txt","https://drive.google.com/file/d/1oUuUknqeICaIL7r1vH0-hXqZVT7vNwkq/view",0.95,"50hr-selected"
"a_2658","1216--5731-Kislev 19j Sicha 9.mp3","5731","Kislev",19,"",13.39,"https://audio.kohnai.ai/training/1216--5731-Kislev%2019j%20Sicha%209.mp3","https://drive.google.com/file/d/1UCk3o_5BurIKsrRNnh-RuJMcyn1sTWKg/view","t_921","19 Kislev 5731 Sicha 7.doc","/api/transcript?name=19%20Kislev%205731%20Sicha%207.txt","https://drive.google.com/file/d/1yBBY82evOSr6Wl5VEJ80LoPtR9oqXpjQ/view",0.95,"50hr-selected"
"a_2656","1217--5731-Kislev 19k Sicha 10.mp3","5731","Kislev",19,"",6.88,"https://audio.kohnai.ai/training/1217--5731-Kislev%2019k%20Sicha%2010.mp3","https://drive.google.com/file/d/1Ha4yl90UDBbDCihb1l38NrTC8kZtwjVG/view","t_921","19 Kislev 5731 Sicha 7.doc","/api/transcript?name=19%20Kislev%205731%20Sicha%207.txt","https://drive.google.com/file/d/1yBBY82evOSr6Wl5VEJ80LoPtR9oqXpjQ/view",0.95,"50hr-selected"
"a_2650","1224--5731-Shvat 11g Mamar.mp3","5731","Shevat",11,"",28.62,"https://audio.kohnai.ai/training/1224--5731-Shvat%2011g%20Mamar.mp3","https://drive.google.com/file/d/1EpCQRRi3ANiG2NtYTzI7EksQAslCIxII/view","t_883","11 Shevat 5731 Sicha 6.docx","/api/transcript?name=11%20Shevat%205731%20Sicha%206.txt","https://drive.google.com/file/d/1rAtrDakAU4kYyYePozYKPPkSdx4I_5Ui/view",0.95,"50hr-selected"
"a_2646","1228--5731-Shvat 11k Sicha 10.mp3","5731","Shevat",11,"",11.68,"https://audio.kohnai.ai/training/1228--5731-Shvat%2011k%20Sicha%2010.mp3","https://drive.google.com/file/d/1ptuq8r3yKhit4hZNGa3Cy4IE3eTmlTwG/view","t_883","11 Shevat 5731 Sicha 6.docx","/api/transcript?name=11%20Shevat%205731%20Sicha%206.txt","https://drive.google.com/file/d/1rAtrDakAU4kYyYePozYKPPkSdx4I_5Ui/view",0.95,"50hr-selected"
"a_2618","1256--5731-Tamuz 12f Mamar.mp3","5731","Tamuz",12,"",23.84,"https://audio.kohnai.ai/training/1256--5731-Tamuz%2012f%20Mamar.mp3","https://drive.google.com/file/d/1n6IdMTOSgyl9ffSYIIuR0XohKFyqvkKX/view","t_825","12 Tammuz 5731 Sicha 5.doc","/api/transcript?name=12%20Tammuz%205731%20Sicha%205.txt","https://drive.google.com/file/d/1jT80PKzEVVMyG2KeSvFOYyIYRVsrqRpx/view",0.95,"50hr-selected"
"a_2614","1259--5731-Tamuz 12i Sicha 8.mp3","5731","Tamuz",12,"",10.81,"https://audio.kohnai.ai/training/1259--5731-Tamuz%2012i%20Sicha%208.mp3","https://drive.google.com/file/d/1xAK8sgJdvBQiga2yiydVTYLVzncziNGe/view","t_825","12 Tammuz 5731 Sicha 5.doc","/api/transcript?name=12%20Tammuz%205731%20Sicha%205.txt","https://drive.google.com/file/d/1jT80PKzEVVMyG2KeSvFOYyIYRVsrqRpx/view",0.95,"50hr-selected"
"a_2610","1263--5731-Av 20c Sicha 3.mp3","5731","Av",20,"",17.29,"https://audio.kohnai.ai/training/1263--5731-Av%2020c%20Sicha%203.mp3","https://drive.google.com/file/d/1dwDoSD3CBKpKOYti2jt1-zmeQJbuZBt3/view","t_856","20 Av 5731 Sicha 3.doc","/api/transcript?name=20%20Av%205731%20Sicha%203.txt","https://drive.google.com/file/d/1pVGOiqeamu631yFK14V-CR5e1sKQkx16/view",0.95,"50hr-selected"
"a_2606","1267--5731-Av 20g Sicha 7.mp3","5731","Av",20,"",17.14,"https://audio.kohnai.ai/training/1267--5731-Av%2020g%20Sicha%207.mp3","https://drive.google.com/file/d/1JKrWGwjk9SERXXdqINWUOA-xlCzzmgv3/view","t_902","20 Av 5731 Sicha 7-8.doc","/api/transcript?name=20%20Av%205731%20Sicha%207-8.txt","https://drive.google.com/file/d/1njZs84xWytQDsxRuxx0bcBLa6IRo9KEq/view",0.95,"50hr-selected"
"a_2602","1272--5731-Elul 24 Sicha to askoniyos.mp3","5731","Elul",24,"",10.41,"https://audio.kohnai.ai/training/1272--5731-Elul%2024%20Sicha%20to%20askoniyos.mp3","https://drive.google.com/file/d/1A54Jq_uOh-PeT_ITZXXfsA89pqu2YqCr/view","t_823","24 Elul 5731.DOC","/api/transcript?name=24%20Elul%205731.txt","https://drive.google.com/file/d/1d9wLKoh9ONy6gJQK9ORlsoSjNbEakzJx/view",0.95,"50hr-selected"
"a_3059","1287--5732-Kislev 19g Mamar.mp3","5732","Kislev",19,"",21.93,"https://audio.kohnai.ai/training/1287--5732-Kislev%2019g%20Mamar.mp3","https://drive.google.com/file/d/1z-fPiwtQ0cGPvKrVSQfgp9MZbftDvDlC/view","t_815","19 Kislev 5732 Maamar.doc","/api/transcript?name=19%20Kislev%205732%20Maamar.txt","https://drive.google.com/file/d/12UJsRbLcDu9w-GpnVk88wZuoloVd4sEc/view",0.95,"50hr-selected"
"a_3057","1289--5732-Kislev 19i Sicha 8.mp3","5732","Kislev",19,"",11.26,"https://audio.kohnai.ai/training/1289--5732-Kislev%2019i%20Sicha%208.mp3","https://drive.google.com/file/d/1zDawH2FB21z-ci5SZj0hFgsmLY9bPYyR/view","t_871","19 Kislev 5732 Sicha 6.doc.docx","/api/transcript?name=19%20Kislev%205732%20Sicha%206.doc.txt","https://drive.google.com/file/d/1GJjRefPvjCAe59JcXFr2vunl6pN3hp4r/view",0.95,"50hr-selected"
"a_3050","1297--5732-Shvat 10d Mamar.mp3","5732","Shevat",10,"",14.97,"https://audio.kohnai.ai/training/1297--5732-Shvat%2010d%20Mamar.mp3","https://drive.google.com/file/d/1cKo-pJv7woQ1WFeK_bUtNO2NdNgQkcCA/view","t_881","10 Shevat 5732 Maamar.doc","/api/transcript?name=10%20Shevat%205732%20Maamar.txt","https://drive.google.com/file/d/1Rm-ZI6UBM3zTO0ykj9N48BBFwiBhkSLS/view",0.95,"50hr-selected"
"a_3042","1303--5732-Shvat 10j Sicha 9.mp3","5732","Shevat",10,"",9.5,"https://audio.kohnai.ai/training/1303--5732-Shvat%2010j%20Sicha%209.mp3","https://drive.google.com/file/d/1-fHeZeP0-OGALMBw25rbePN-lyJsH40K/view","t_925","10 Shevat 5732 - between sichos.doc","/api/transcript?name=10%20Shevat%205732%20-%20between%20sichos.txt","https://drive.google.com/file/d/1Py46kppqNjsdjbRqyhezBuipgduuMef7/view",0.95,"50hr-selected"
"a_3043","1304--5732-Shvat 10k Sicha 10.mp3","5732","Shevat",10,"",6.88,"https://audio.kohnai.ai/training/1304--5732-Shvat%2010k%20Sicha%2010.mp3","https://drive.google.com/file/d/1mXqqI6kNZQCCF_ULjAZonW93NXUaBWDb/view","t_925","10 Shevat 5732 - between sichos.doc","/api/transcript?name=10%20Shevat%205732%20-%20between%20sichos.txt","https://drive.google.com/file/d/1Py46kppqNjsdjbRqyhezBuipgduuMef7/view",0.95,"50hr-selected"
"a_3032","1314--5732-Adar 14e Mamar.mp3","5732","Adar",14,"",16.37,"https://audio.kohnai.ai/training/1314--5732-Adar%2014e%20Mamar.mp3","https://drive.google.com/file/d/16gldmShVnFS9Bhk4cvzplvKRUEh77wT7/view","t_867","14 Adar 5732 Maamar.doc","/api/transcript?name=14%20Adar%205732%20Maamar.txt","https://drive.google.com/file/d/1Z1ocrjp1KYt4AgYM_RaDfZ6QyEVMSh68/view",0.95,"50hr-selected"
"a_3028","1318--5732-Adar 14i Sicha 8.mp3","5732","Adar",14,"",7.49,"https://audio.kohnai.ai/training/1318--5732-Adar%2014i%20Sicha%208.mp3","https://drive.google.com/file/d/1HYtpHxDk3hU8_MFJkXye_bKGQTaVB6ab/view","t_860","14 Adar 5732 Sichos 7-9.docx","/api/transcript?name=14%20Adar%205732%20Sichos%207-9.txt","https://drive.google.com/file/d/1YLAYV-rqS6bnB9i7CICJez9btVqhmq5_/view",0.95,"50hr-selected"
"a_3029","1319--5732-Adar 14j Sicha 9.mp3","5732","Adar",14,"",15.06,"https://audio.kohnai.ai/training/1319--5732-Adar%2014j%20Sicha%209.mp3","https://drive.google.com/file/d/1IpDL0vYdzVZRA-T-RjJlLFtGdvAfCcFV/view","t_860","14 Adar 5732 Sichos 7-9.docx","/api/transcript?name=14%20Adar%205732%20Sichos%207-9.txt","https://drive.google.com/file/d/1YLAYV-rqS6bnB9i7CICJez9btVqhmq5_/view",0.95,"50hr-selected"
"a_2972","1322--5732-Nissan 11c Sicha 3.mp3","5732","Nissan",11,"",11.94,"https://audio.kohnai.ai/training/1322--5732-Nissan%2011c%20Sicha%203.mp3","https://drive.google.com/file/d/1hiWgoM2y4-mZ85773vSq2c7bzhVLzo4D/view","t_899","11 Nissan 5732.doc","/api/transcript?name=11%20Nissan%205732.txt","https://drive.google.com/file/d/1HPl2FxrZxTXnvqmc4A-oF62pjFOl94NQ/view",0.95,"50hr-selected"
"a_3024","1325--5732-Nissan 11f Mamar.mp3","5732","Nissan",11,"",20.19,"https://audio.kohnai.ai/training/1325--5732-Nissan%2011f%20Mamar.mp3","https://drive.google.com/file/d/1yCuWzCS1_o73if3pcR9TtXIQ6QeOPjDz/view","t_899","11 Nissan 5732.doc","/api/transcript?name=11%20Nissan%205732.txt","https://drive.google.com/file/d/1HPl2FxrZxTXnvqmc4A-oF62pjFOl94NQ/view",0.95,"50hr-selected"
"a_3001","1346--5732-Tamuz 13f Mamar.mp3","5732","Tamuz",13,"",14.71,"https://audio.kohnai.ai/training/1346--5732-Tamuz%2013f%20Mamar.mp3","https://drive.google.com/file/d/1XZvHiwjtQ2e9CbRCvSOmw8WUBAHg0UIn/view","t_818","13 Tammuz 5732 Maamar.DOC","/api/transcript?name=13%20Tammuz%205732%20Maamar.txt","https://drive.google.com/file/d/1upPsklRfnAVHP3MAiWESU1-2uZS8ozQ8/view",0.95,"50hr-selected"
"a_3002","1347--5732-Tamuz 13g Sicha 6.mp3","5732","Tamuz",13,"",15.08,"https://audio.kohnai.ai/training/1347--5732-Tamuz%2013g%20Sicha%206.mp3","https://drive.google.com/file/d/1bF56EJTFbHH1jHvil_fJET9TPlcCN-G4/view","t_862","13 Tammuz 5732 Sicha 3.docx","/api/transcript?name=13%20Tammuz%205732%20Sicha%203.txt","https://drive.google.com/file/d/11F-JlR33Lc-HeyOJXm8lH-S7qs9Jqk8f/view",0.95,"50hr-selected"
"a_2996","1352--5732-Tamuz 13l Sicha 11.mp3","5732","Tamuz",13,"",7.01,"https://audio.kohnai.ai/training/1352--5732-Tamuz%2013l%20Sicha%2011.mp3","https://drive.google.com/file/d/1UGywe8JQazq_djt0Ibpt9BqftPLRvbsH/view","t_862","13 Tammuz 5732 Sicha 3.docx","/api/transcript?name=13%20Tammuz%205732%20Sicha%203.txt","https://drive.google.com/file/d/11F-JlR33Lc-HeyOJXm8lH-S7qs9Jqk8f/view",0.95,"50hr-selected"
"a_2990","1358--5732-Av 20f Sicha 6 Mi hu yehudi.mp3","5732","Av",20,"",31.28,"https://audio.kohnai.ai/training/1358--5732-Av%2020f%20Sicha%206%20Mi%20hu%20yehudi.mp3","https://drive.google.com/file/d/1q2zmB3xi3sWcHMfAAULDZA0wCpSAFPY9/view","t_854","20 Av 5732 Sicha 4.docx","/api/transcript?name=20%20Av%205732%20Sicha%204.txt","https://drive.google.com/file/d/159EBgCgizX-Ea6USZTq6Na9gFbCADw3z/view",0.95,"50hr-selected"
"a_2989","1359--5732-Av 20g Sicha 7.mp3","5732","Av",20,"",8.7,"https://audio.kohnai.ai/training/1359--5732-Av%2020g%20Sicha%207.mp3","https://drive.google.com/file/d/10-cUYBcLfalodsYtELr3jCDmMUehJpRC/view","t_854","20 Av 5732 Sicha 4.docx","/api/transcript?name=20%20Av%205732%20Sicha%204.txt","https://drive.google.com/file/d/159EBgCgizX-Ea6USZTq6Na9gFbCADw3z/view",0.95,"50hr-selected"
"a_2987","1360--5732-Av 20h Sicha 8.mp3","5732","Av",20,"",9.53,"https://audio.kohnai.ai/training/1360--5732-Av%2020h%20Sicha%208.mp3","https://drive.google.com/file/d/1KJLmnn4Y-PlbzfO50n7yfEjEyUuIWRMc/view","t_854","20 Av 5732 Sicha 4.docx","/api/transcript?name=20%20Av%205732%20Sicha%204.txt","https://drive.google.com/file/d/159EBgCgizX-Ea6USZTq6Na9gFbCADw3z/view",0.95,"50hr-selected"
"a_2967","1392--5733-Kislev 19e Mamar.mp3","5733","Kislev",19,"",13.48,"https://audio.kohnai.ai/training/1392--5733-Kislev%2019e%20Mamar.mp3","https://drive.google.com/file/d/1H4VClmMBMZUzf5IuHRnK6Sn1vESiaSPU/view","t_812","19 Kislev 5733 Maamar.doc","/api/transcript?name=19%20Kislev%205733%20Maamar.txt","https://drive.google.com/file/d/11u51dar4gGGABTXWZEZIopjNPcWU2ehE/view",0.95,"50hr-selected"
"a_2966","1393--5733-Kislev 19f Sicha 5.mp3","5733","Kislev",19,"",33.7,"https://audio.kohnai.ai/training/1393--5733-Kislev%2019f%20Sicha%205.mp3","https://drive.google.com/file/d/1_zfhsBB97KVhxvX-b0BpwNa1nvAmyeUf/view","t_884","19 Kislev 5733 Sicha 6.docx","/api/transcript?name=19%20Kislev%205733%20Sicha%206.txt","https://drive.google.com/file/d/1lro-GB_E2kqVTP2RkC2tstgbNiXictwa/view",0.95,"50hr-selected"
"a_2964","1394--5733-Kislev 19g Sicha 6.mp3","5733","Kislev",19,"",12.2,"https://audio.kohnai.ai/training/1394--5733-Kislev%2019g%20Sicha%206.mp3","https://drive.google.com/file/d/1ZsEIHl_K9A5hlwSx4zRe9PMRSIXXMbaB/view","t_884","19 Kislev 5733 Sicha 6.docx","/api/transcript?name=19%20Kislev%205733%20Sicha%206.txt","https://drive.google.com/file/d/1lro-GB_E2kqVTP2RkC2tstgbNiXictwa/view",0.95,"50hr-selected"
"a_2965","1395--5733-Kislev 19h Sicha 7.mp3","5733","Kislev",19,"",7.07,"https://audio.kohnai.ai/training/1395--5733-Kislev%2019h%20Sicha%207.mp3","https://drive.google.com/file/d/1wa3K_UtE_oMxhG1FP6SgY4ryRmOBhY-n/view","t_884","19 Kislev 5733 Sicha 6.docx","/api/transcript?name=19%20Kislev%205733%20Sicha%206.txt","https://drive.google.com/file/d/1lro-GB_E2kqVTP2RkC2tstgbNiXictwa/view",0.95,"50hr-selected"
"a_2963","1396--5733-Kislev 19i Sicha 8.mp3","5733","Kislev",19,"",8.79,"https://audio.kohnai.ai/training/1396--5733-Kislev%2019i%20Sicha%208.mp3","https://drive.google.com/file/d/1rffZRBe59SZ1rOHZlWk2AV5N2xPo4nZ2/view","t_929","19 Kislev 5733 Sicha 8 - Seforim.doc","/api/transcript?name=19%20Kislev%205733%20Sicha%208%20-%20Seforim.txt","https://drive.google.com/file/d/1ULvCvZtzFKXWgTG_p81GTRNTOwJKSTq4/view",0.95,"50hr-selected"
"a_2945","1413--5733-Adar 14g Sicha 7.mp3","5733","Adar",14,"",17.05,"https://audio.kohnai.ai/training/1413--5733-Adar%2014g%20Sicha%207.mp3","https://drive.google.com/file/d/1R3TRPvyIg8CVwUtLDDs9NakHym0tbyxF/view","t_895","14 Adar 5733 Sichos 4-11.doc","/api/transcript?name=14%20Adar%205733%20Sichos%204-11.txt","https://drive.google.com/file/d/1IkShLbPgt8WCr8DnhU-VOKUrPw8KzU7c/view",0.95,"50hr-selected"
"a_2946","1414--5733-Adar 14h Sicha 8.mp3","5733","Adar",14,"",9.58,"https://audio.kohnai.ai/training/1414--5733-Adar%2014h%20Sicha%208.mp3","https://drive.google.com/file/d/1s16kkRa5t7svqzDow4ARBOGjiCw9SxiP/view","t_895","14 Adar 5733 Sichos 4-11.doc","/api/transcript?name=14%20Adar%205733%20Sichos%204-11.txt","https://drive.google.com/file/d/1IkShLbPgt8WCr8DnhU-VOKUrPw8KzU7c/view",0.95,"50hr-selected"
"a_2943","1415--5733-Adar 14i Mamar.mp3","5733","Adar",14,"",12.05,"https://audio.kohnai.ai/training/1415--5733-Adar%2014i%20Mamar.mp3","https://drive.google.com/file/d/1V8_NtwxFRU9nDOECO1BnuP3920wVSiqA/view","t_891","14 Adar 5733 Maamar.doc","/api/transcript?name=14%20Adar%205733%20Maamar.txt","https://drive.google.com/file/d/1WjVGRj7G-_pFz2VwG5Ka4H45VMbwQca8/view",0.95,"50hr-selected"
"a_2942","1418--5733-Adar 14l Sicha 11.mp3","5733","Adar",14,"",8.82,"https://audio.kohnai.ai/training/1418--5733-Adar%2014l%20Sicha%2011.mp3","https://drive.google.com/file/d/1SdZd23Gm5qOhgOlFbsrP0_XoQTZ0VXv9/view","t_895","14 Adar 5733 Sichos 4-11.doc","/api/transcript?name=14%20Adar%205733%20Sichos%204-11.txt","https://drive.google.com/file/d/1IkShLbPgt8WCr8DnhU-VOKUrPw8KzU7c/view",0.95,"50hr-selected"
"a_2936","1422--5733-Nissan 11d Sicha 4.mp3","5733","Nissan",11,"",15.91,"https://audio.kohnai.ai/training/1422--5733-Nissan%2011d%20Sicha%204.mp3","https://drive.google.com/file/d/1-lZSWuYCEyCkf6K4VIJiZ8j0wspYX5pM/view","t_824","11 Nissan 5733 Maamar.doc","/api/transcript?name=11%20Nissan%205733%20Maamar.txt","https://drive.google.com/file/d/1_6MBBIcIs4CxUQEbBreMuGakz-ltaa3d/view",0.95,"50hr-selected"
"a_2935","1424--5733-Nissan 11f Sicha 6.mp3","5733","Nissan",11,"",18.4,"https://audio.kohnai.ai/training/1424--5733-Nissan%2011f%20Sicha%206.mp3","https://drive.google.com/file/d/1Wd0la1UnOXmckVuBU5NYEXIY1vQ8rIq-/view","t_824","11 Nissan 5733 Maamar.doc","/api/transcript?name=11%20Nissan%205733%20Maamar.txt","https://drive.google.com/file/d/1_6MBBIcIs4CxUQEbBreMuGakz-ltaa3d/view",0.95,"50hr-selected"
"a_2934","1426--5733-Nissan 11h Mamar.mp3","5733","Nissan",11,"",14.91,"https://audio.kohnai.ai/training/1426--5733-Nissan%2011h%20Mamar.mp3","https://drive.google.com/file/d/1I4sh4ZnQg265cn-CbW9u93If8g2g0pf-/view","t_824","11 Nissan 5733 Maamar.doc","/api/transcript?name=11%20Nissan%205733%20Maamar.txt","https://drive.google.com/file/d/1_6MBBIcIs4CxUQEbBreMuGakz-ltaa3d/view",0.95,"50hr-selected"
"a_2918","1441--5733-Tamuz 12g Sicha 7.mp3","5733","Tamuz",12,"",14.63,"https://audio.kohnai.ai/training/1441--5733-Tamuz%2012g%20Sicha%207.mp3","https://drive.google.com/file/d/1xE1L5GHrOFYwmHVAHypqtRIZavUijfvg/view","t_890","12 Tammuz 5733.doc","/api/transcript?name=12%20Tammuz%205733.txt","https://drive.google.com/file/d/10DmyKjnaIpsecFJil3da_uyvdOpDWhWl/view",0.95,"50hr-selected"
"a_2917","1442--5733-Tamuz 12h Mamar.mp3","5733","Tamuz",12,"",16.51,"https://audio.kohnai.ai/training/1442--5733-Tamuz%2012h%20Mamar.mp3","https://drive.google.com/file/d/1jciO-9NgFwv5i76pQt9BohVYR_J4qME8/view","t_890","12 Tammuz 5733.doc","/api/transcript?name=12%20Tammuz%205733.txt","https://drive.google.com/file/d/10DmyKjnaIpsecFJil3da_uyvdOpDWhWl/view",0.95,"50hr-selected"
"a_2916","1443--5733-Tamuz 12i Sicha 8.mp3","5733","Tamuz",12,"",9.39,"https://audio.kohnai.ai/training/1443--5733-Tamuz%2012i%20Sicha%208.mp3","https://drive.google.com/file/d/1_EQ7HcJT24boeU3s3vhUlnNZoPo3fSSB/view","t_890","12 Tammuz 5733.doc","/api/transcript?name=12%20Tammuz%205733.txt","https://drive.google.com/file/d/10DmyKjnaIpsecFJil3da_uyvdOpDWhWl/view",0.95,"50hr-selected"
"a_3142","1467--5734-Kislev 19g Mamar.mp3","5734","Kislev",19,"",11.96,"https://audio.kohnai.ai/training/1467--5734-Kislev%2019g%20Mamar.mp3","https://drive.google.com/file/d/1Ckp3XKPvary-EpTEdfB9ljNmP2CVPaH6/view","t_808","19 Kislev 5734 Sicha 5.docx","/api/transcript?name=19%20Kislev%205734%20Sicha%205.txt","https://drive.google.com/file/d/1Wxy1diiN2c8JoP84L4-_MF1TQYk2LyMs/view",0.95,"50hr-selected"
"a_3141","1468--5734-Kislev 19h Sicha 7.mp3","5734","Kislev",19,"",10.51,"https://audio.kohnai.ai/training/1468--5734-Kislev%2019h%20Sicha%207.mp3","https://drive.google.com/file/d/1vf1oAoz0VGGNdo6zWE0NI_9Qnw9veaLg/view","t_808","19 Kislev 5734 Sicha 5.docx","/api/transcript?name=19%20Kislev%205734%20Sicha%205.txt","https://drive.google.com/file/d/1Wxy1diiN2c8JoP84L4-_MF1TQYk2LyMs/view",0.95,"50hr-selected"
"a_3140","1469--5734-Kislev 19i Sicha 8.mp3","5734","Kislev",19,"",18.94,"https://audio.kohnai.ai/training/1469--5734-Kislev%2019i%20Sicha%208.mp3","https://drive.google.com/file/d/14XuVLACYXj0LqiBtq0yERPm5TU6KFfLa/view","t_808","19 Kislev 5734 Sicha 5.docx","/api/transcript?name=19%20Kislev%205734%20Sicha%205.txt","https://drive.google.com/file/d/1Wxy1diiN2c8JoP84L4-_MF1TQYk2LyMs/view",0.95,"50hr-selected"
"a_3138","1471--5734-Kislev 19k Sicha 10.mp3","5734","Kislev",19,"",16.14,"https://audio.kohnai.ai/training/1471--5734-Kislev%2019k%20Sicha%2010.mp3","https://drive.google.com/file/d/1kFOqE_PMxcfpPfcoKBhBRj3FMcKv1Ay0/view","t_808","19 Kislev 5734 Sicha 5.docx","/api/transcript?name=19%20Kislev%205734%20Sicha%205.txt","https://drive.google.com/file/d/1Wxy1diiN2c8JoP84L4-_MF1TQYk2LyMs/view",0.95,"50hr-selected"
"a_3124","1485--5734-Shvat 10h Sicha 8.mp3","5734","Shevat",10,"",13.82,"https://audio.kohnai.ai/training/1485--5734-Shvat%2010h%20Sicha%208.mp3","https://drive.google.com/file/d/1P-VtvgCoNcsPmpguaKrXfnq6gmCBv3N6/view","t_868","10 Shevat 5734 - Sicha 8.docx","/api/transcript?name=10%20Shevat%205734%20-%20Sicha%208.txt","https://drive.google.com/file/d/1PvUmW4aKDmQCrhDe7tTGVNoTv0uy35Gj/view",0.95,"50hr-selected"
"a_3123","1486--5734-Shvat 10i Sicha 9.mp3","5734","Shevat",10,"",18.69,"https://audio.kohnai.ai/training/1486--5734-Shvat%2010i%20Sicha%209.mp3","https://drive.google.com/file/d/109-M2Bkf7cPsIlvwy6YIYPQF8hZIGysZ/view","t_868","10 Shevat 5734 - Sicha 8.docx","/api/transcript?name=10%20Shevat%205734%20-%20Sicha%208.txt","https://drive.google.com/file/d/1PvUmW4aKDmQCrhDe7tTGVNoTv0uy35Gj/view",0.95,"50hr-selected"
"a_3122","1487--5734-Shvat 10j Mamar.mp3","5734","Shevat",10,"",17.06,"https://audio.kohnai.ai/training/1487--5734-Shvat%2010j%20Mamar.mp3","https://drive.google.com/file/d/1RL1MkJY8fwvz6hp19OLSIaFHVXARwOXY/view","t_868","10 Shevat 5734 - Sicha 8.docx","/api/transcript?name=10%20Shevat%205734%20-%20Sicha%208.txt","https://drive.google.com/file/d/1PvUmW4aKDmQCrhDe7tTGVNoTv0uy35Gj/view",0.95,"50hr-selected"
"a_3121","1488--5734-Shvat 10k Sicha 10.mp3","5734","Shevat",10,"",14.52,"https://audio.kohnai.ai/training/1488--5734-Shvat%2010k%20Sicha%2010.mp3","https://drive.google.com/file/d/1WJ5Ptfsdv2uaBrL91LmL_acgZYoq1kaD/view","t_868","10 Shevat 5734 - Sicha 8.docx","/api/transcript?name=10%20Shevat%205734%20-%20Sicha%208.txt","https://drive.google.com/file/d/1PvUmW4aKDmQCrhDe7tTGVNoTv0uy35Gj/view",0.95,"50hr-selected"
"a_3106","1503--5734-Sivan 15 Mamar.mp3","5734","Sivan",15,"",10.89,"https://audio.kohnai.ai/training/1503--5734-Sivan%2015%20Mamar.mp3","https://drive.google.com/file/d/1wzFW6UZn-osNMuypsSYyoA3F5DQU-HbB/view","t_835","15 Sivan 5734.docx","/api/transcript?name=15%20Sivan%205734.txt","https://drive.google.com/file/d/1ML7T5LGLZdwJHg5raBtkSKCeZ7iezebq/view",0.95,"50hr-selected"
"a_3105","1504--5734-Sivan 15b Sicha 1.mp3","5734","Sivan",15,"",10.31,"https://audio.kohnai.ai/training/1504--5734-Sivan%2015b%20Sicha%201.mp3","https://drive.google.com/file/d/1wonWoBLqWWipKcpsXvz4nKtLwyFX4r7G/view","t_835","15 Sivan 5734.docx","/api/transcript?name=15%20Sivan%205734.txt","https://drive.google.com/file/d/1ML7T5LGLZdwJHg5raBtkSKCeZ7iezebq/view",0.95,"50hr-selected"
"a_3104","1505--5734-Sivan 15c Sicha 2.mp3","5734","Sivan",15,"",8.79,"https://audio.kohnai.ai/training/1505--5734-Sivan%2015c%20Sicha%202.mp3","https://drive.google.com/file/d/1q_Ylp9NpA_NKDue64szRtze02Grz0ptV/view","t_835","15 Sivan 5734.docx","/api/transcript?name=15%20Sivan%205734.txt","https://drive.google.com/file/d/1ML7T5LGLZdwJHg5raBtkSKCeZ7iezebq/view",0.95,"50hr-selected"
"a_3103","1506--5734-Sivan 15d Sicha 3.mp3","5734","Sivan",15,"",9.5,"https://audio.kohnai.ai/training/1506--5734-Sivan%2015d%20Sicha%203.mp3","https://drive.google.com/file/d/18U5nnHn0hIUQTBbTtlJ3HulrQEJO05vq/view","t_835","15 Sivan 5734.docx","/api/transcript?name=15%20Sivan%205734.txt","https://drive.google.com/file/d/1ML7T5LGLZdwJHg5raBtkSKCeZ7iezebq/view",0.95,"50hr-selected"
"a_2822","1577--5735-Shvat 10g Mamar.mp3","5735","Shevat",10,"",19.96,"https://audio.kohnai.ai/training/1577--5735-Shvat%2010g%20Mamar.mp3","https://drive.google.com/file/d/13yJqk8W_Ve99LMArrQpT1jiADCGIHxcZ/view","t_898","10 Shevat 5735 - Maamar.doc","/api/transcript?name=10%20Shevat%205735%20-%20Maamar.txt","https://drive.google.com/file/d/1m6jVWnWX-Cw6KoCGDA1nUgMcI92Be7dp/view",0.95,"50hr-selected"
"a_2820","1579--5735-Shvat 10i Sicha 8.mp3","5735","Shevat",10,"",20.19,"https://audio.kohnai.ai/training/1579--5735-Shvat%2010i%20Sicha%208.mp3","https://drive.google.com/file/d/1XXN_LULQqHeeFf7PIm6h2gnuoZU2akzh/view","t_898","10 Shevat 5735 - Maamar.doc","/api/transcript?name=10%20Shevat%205735%20-%20Maamar.txt","https://drive.google.com/file/d/1m6jVWnWX-Cw6KoCGDA1nUgMcI92Be7dp/view",0.95,"50hr-selected"
"a_2782","1618--5735-Sivan 05 Sicha 1.mp3","5735","Sivan",5,"",21.8,"https://audio.kohnai.ai/training/1618--5735-Sivan%2005%20Sicha%201.mp3","https://drive.google.com/file/d/1AjDv4TZZswbmFfwzsx64r-qxhrcLH2kd/view","t_829","5 Sivan 5735 Sicha 1.docx","/api/transcript?name=5%20Sivan%205735%20Sicha%201.txt","https://drive.google.com/file/d/1kqvQcTswmw3juVumWS-J6qcDQl8qA1Z-/view",0.95,"50hr-selected"
"a_2781","1619--5735-Sivan 05b Mamar.mp3","5735","Sivan",5,"",11.7,"https://audio.kohnai.ai/training/1619--5735-Sivan%2005b%20Mamar.mp3","https://drive.google.com/file/d/1u0huC1SnaspxgehLWLeix4_M7UO58HEV/view","t_829","5 Sivan 5735 Sicha 1.docx","/api/transcript?name=5%20Sivan%205735%20Sicha%201.txt","https://drive.google.com/file/d/1kqvQcTswmw3juVumWS-J6qcDQl8qA1Z-/view",0.95,"50hr-selected"
"a_2779","1620--5735-Sivan 05c Sicha 2.mp3","5735","Sivan",5,"",11.92,"https://audio.kohnai.ai/training/1620--5735-Sivan%2005c%20Sicha%202.mp3","https://drive.google.com/file/d/1addmayd1M4vKZBzrls-80jeLeYCqXKDV/view","t_829","5 Sivan 5735 Sicha 1.docx","/api/transcript?name=5%20Sivan%205735%20Sicha%201.txt","https://drive.google.com/file/d/1kqvQcTswmw3juVumWS-J6qcDQl8qA1Z-/view",0.95,"50hr-selected"
"a_2762","1638--5735-Tamuz 16b Mamar.mp3","5735","Tamuz",16,"",14.48,"https://audio.kohnai.ai/training/1638--5735-Tamuz%2016b%20Mamar.mp3","https://drive.google.com/file/d/14QSVUbZ0X18qtkkp1abC-Zi77vSWgSfm/view","t_875","16 Tammuz 5735 Sicha 5.docx","/api/transcript?name=16%20Tammuz%205735%20Sicha%205.txt","https://drive.google.com/file/d/1IulGTUXwDL0dqesO8qRBXafzKLxX7UNw/view",0.95,"50hr-selected"
"a_2761","1639--5735-Tamuz 16c Sicha 2.mp3","5735","Tamuz",16,"",8.77,"https://audio.kohnai.ai/training/1639--5735-Tamuz%2016c%20Sicha%202.mp3","https://drive.google.com/file/d/1mZZip2FyXNKDWNOk513mThRj7o4NixRW/view","t_875","16 Tammuz 5735 Sicha 5.docx","/api/transcript?name=16%20Tammuz%205735%20Sicha%205.txt","https://drive.google.com/file/d/1IulGTUXwDL0dqesO8qRBXafzKLxX7UNw/view",0.95,"50hr-selected"
"a_2759","1641--5735-Tamuz 16e Sicha 4.mp3","5735","Tamuz",16,"",10.91,"https://audio.kohnai.ai/training/1641--5735-Tamuz%2016e%20Sicha%204.mp3","https://drive.google.com/file/d/1EnfFp5opdS8zMUoJfyF6q_VV5DlX6jp_/view","t_875","16 Tammuz 5735 Sicha 5.docx","/api/transcript?name=16%20Tammuz%205735%20Sicha%205.txt","https://drive.google.com/file/d/1IulGTUXwDL0dqesO8qRBXafzKLxX7UNw/view",0.95,"50hr-selected"
"a_2753","1646--5735-Av 15b Mamar.mp3","5735","Av",15,"",16.22,"https://audio.kohnai.ai/training/1646--5735-Av%2015b%20Mamar.mp3","https://drive.google.com/file/d/1FY_zDBlQIZqCbreLnqvyNEnLeja-IKPC/view","t_900","15 Av 5735.docx","/api/transcript?name=15%20Av%205735.txt","https://drive.google.com/file/d/1jz73gVyWUqn6nhOB0hHotHH5No0JrQXN/view",0.95,"50hr-selected"
"a_2754","1647--5735-Av 15c Sicha 2.mp3","5735","Av",15,"",12.94,"https://audio.kohnai.ai/training/1647--5735-Av%2015c%20Sicha%202.mp3","https://drive.google.com/file/d/1Y9gKM-Ts6hBDyOg7Cqex5wLYyyVrU5wz/view","t_900","15 Av 5735.docx","/api/transcript?name=15%20Av%205735.txt","https://drive.google.com/file/d/1jz73gVyWUqn6nhOB0hHotHH5No0JrQXN/view",0.95,"50hr-selected"
"a_2752","1648--5735-Av 15d Sicha 3.mp3","5735","Av",15,"",7.53,"https://audio.kohnai.ai/training/1648--5735-Av%2015d%20Sicha%203.mp3","https://drive.google.com/file/d/1PRJxg4nrFsg_WHy7I9iA4rwxd4csTwDV/view","t_900","15 Av 5735.docx","/api/transcript?name=15%20Av%205735.txt","https://drive.google.com/file/d/1jz73gVyWUqn6nhOB0hHotHH5No0JrQXN/view",0.95,"50hr-selected"
"a_2743","1657--5735-Av 30 Mamar.mp3","5735","Av",30,"",8.78,"https://audio.kohnai.ai/training/1657--5735-Av%2030%20Mamar.mp3","https://drive.google.com/file/d/1psi-v6kHJjzf52cFft74VgqAl2wxsJ40/view","t_876","30 Av 5735.docx","/api/transcript?name=30%20Av%205735.txt","https://drive.google.com/file/d/10tNWi44Q6gzxy7TsJyB3MnhEj6Ene4kE/view",0.95,"50hr-selected"
"a_2596","1688--5736-Kislev 19d Sicha 4.mp3","5736","Kislev",19,"",9.26,"https://audio.kohnai.ai/training/1688--5736-Kislev%2019d%20Sicha%204.mp3","https://drive.google.com/file/d/1Enn7tJECqqPltwWJDjeV4omeDv9zbwEH/view","t_810","19 Kislev 5736 Sicha 4.DOC","/api/transcript?name=19%20Kislev%205736%20Sicha%204.txt","https://drive.google.com/file/d/1rrbI-lTZEX9UZgK5E1AWkzn4NOlKTMyj/view",0.95,"50hr-selected"
"a_2592","1691--5736-Kislev 19g Mamar.mp3","5736","Kislev",19,"",7.78,"https://audio.kohnai.ai/training/1691--5736-Kislev%2019g%20Mamar.mp3","https://drive.google.com/file/d/1pAycBOdsJf1kvftLPN94haoA0jCXqVWs/view","t_810","19 Kislev 5736 Sicha 4.DOC","/api/transcript?name=19%20Kislev%205736%20Sicha%204.txt","https://drive.google.com/file/d/1rrbI-lTZEX9UZgK5E1AWkzn4NOlKTMyj/view",0.95,"50hr-selected"
"a_2593","1692--5736-Kislev 19h Sicha 7.mp3","5736","Kislev",19,"",7.64,"https://audio.kohnai.ai/training/1692--5736-Kislev%2019h%20Sicha%207.mp3","https://drive.google.com/file/d/1tkInQZCW_zCTQj0nmlVcSV_KDLjqNc2L/view","t_810","19 Kislev 5736 Sicha 4.DOC","/api/transcript?name=19%20Kislev%205736%20Sicha%204.txt","https://drive.google.com/file/d/1rrbI-lTZEX9UZgK5E1AWkzn4NOlKTMyj/view",0.95,"50hr-selected"
"a_2591","1693--5736-Kislev 19i Sicha 8.mp3","5736","Kislev",19,"",8.46,"https://audio.kohnai.ai/training/1693--5736-Kislev%2019i%20Sicha%208.mp3","https://drive.google.com/file/d/1VAUdaXSGUHsav_Gh_yRomlxAN__Nexan/view","t_810","19 Kislev 5736 Sicha 4.DOC","/api/transcript?name=19%20Kislev%205736%20Sicha%204.txt","https://drive.google.com/file/d/1rrbI-lTZEX9UZgK5E1AWkzn4NOlKTMyj/view",0.95,"50hr-selected"
"a_2579","1705--5736-Shvat 10h Mamar.mp3","5736","Shevat",10,"",23.8,"https://audio.kohnai.ai/training/1705--5736-Shvat%2010h%20Mamar.mp3","https://drive.google.com/file/d/1HNxW21PA0XAcOvjhlCq6a4yCg_I5HE1w/view","t_803","10 Shevat 5736 Sicha 3.docx","/api/transcript?name=10%20Shevat%205736%20Sicha%203.txt","https://drive.google.com/file/d/1pJfR6el9YxHkRcKK1M-Y9OURG4ZGATpS/view",0.95,"50hr-selected"
"a_2578","1706--5736-Shvat 10i Sicha 8.mp3","5736","Shevat",10,"",7.67,"https://audio.kohnai.ai/training/1706--5736-Shvat%2010i%20Sicha%208.mp3","https://drive.google.com/file/d/1kOumnuLon0HzBqWpCr6uS9wwQnBmYe4w/view","t_803","10 Shevat 5736 Sicha 3.docx","/api/transcript?name=10%20Shevat%205736%20Sicha%203.txt","https://drive.google.com/file/d/1pJfR6el9YxHkRcKK1M-Y9OURG4ZGATpS/view",0.95,"50hr-selected"
"a_2568","1716--5736-AdarB 07c Mamar.mp3","5736","Adar II",7,"",11.57,"https://audio.kohnai.ai/training/1716--5736-AdarB%2007c%20Mamar.mp3","https://drive.google.com/file/d/1sjYrMFjFO8VyGPEwtL09T63fJgpCkLIc/view","t_851","7 Adar II 5736 Shlichus.docx","/api/transcript?name=7%20Adar%20II%205736%20Shlichus.txt","https://drive.google.com/file/d/1VrgzF8DuNATKLsEeCmwYfPxDEk3yg-Yh/view",0.95,"50hr-selected"
"a_2567","1717--5736-AdarB 07d Sicha 3.mp3","5736","Adar II",7,"",7.48,"https://audio.kohnai.ai/training/1717--5736-AdarB%2007d%20Sicha%203.mp3","https://drive.google.com/file/d/1rhq2MuMKtxOerAg8QgEBHvyREm-GdpYk/view","t_851","7 Adar II 5736 Shlichus.docx","/api/transcript?name=7%20Adar%20II%205736%20Shlichus.txt","https://drive.google.com/file/d/1VrgzF8DuNATKLsEeCmwYfPxDEk3yg-Yh/view",0.95,"50hr-selected"
"a_2566","1719--5736-AdarB 07f Sicha 5.mp3","5736","Adar II",7,"",7.07,"https://audio.kohnai.ai/training/1719--5736-AdarB%2007f%20Sicha%205.mp3","https://drive.google.com/file/d/1tImJP3KzWCi2dZ2SiwsoQyCP3xaMZNdP/view","t_851","7 Adar II 5736 Shlichus.docx","/api/transcript?name=7%20Adar%20II%205736%20Shlichus.txt","https://drive.google.com/file/d/1VrgzF8DuNATKLsEeCmwYfPxDEk3yg-Yh/view",0.95,"50hr-selected"
"a_2548","1737--5736-Nissan 11f Mamar.mp3","5736","Nissan",11,"",25.79,"https://audio.kohnai.ai/training/1737--5736-Nissan%2011f%20Mamar.mp3","https://drive.google.com/file/d/1wKykqNm4Cu3f7Gk3D5VkHZxNPgz4Bz1i/view","t_914","11 Nissan 5736.doc","/api/transcript?name=11%20Nissan%205736.txt","https://drive.google.com/file/d/1OxeR-pALQbzNS_Z58XVD_BcAWjNhTXAW/view",0.95,"50hr-selected"
"a_2545","1738--5736-Nissan 11g Sicha 6.mp3","5736","Nissan",11,"",12.45,"https://audio.kohnai.ai/training/1738--5736-Nissan%2011g%20Sicha%206.mp3","https://drive.google.com/file/d/1mWtwGNHxgAG979M6stLqZ5vcUpUaM-L9/view","t_914","11 Nissan 5736.doc","/api/transcript?name=11%20Nissan%205736.txt","https://drive.google.com/file/d/1OxeR-pALQbzNS_Z58XVD_BcAWjNhTXAW/view",0.95,"50hr-selected"
"a_2522","1762--5736-Tamuz 13e Mamar.mp3","5736","Tamuz",13,"",19.08,"https://audio.kohnai.ai/training/1762--5736-Tamuz%2013e%20Mamar.mp3","https://drive.google.com/file/d/16U1eS2lZpbgmtfsKMR25_8T_2Mvrd0v-/view","t_806","13 Tammuz 5736 Sicha 3.docx","/api/transcript?name=13%20Tammuz%205736%20Sicha%203.txt","https://drive.google.com/file/d/16vJ118_WvmTEHuhymIwSqPkliAxFs77D/view",0.95,"50hr-selected"
"a_2518","1766--5736-Tamuz 13i Sicha 8.mp3","5736","Tamuz",13,"",19,"https://audio.kohnai.ai/training/1766--5736-Tamuz%2013i%20Sicha%208.mp3","https://drive.google.com/file/d/1JrBZpCdJD0e0fEzY1mzmInnGkI6OP-FL/view","t_806","13 Tammuz 5736 Sicha 3.docx","/api/transcript?name=13%20Tammuz%205736%20Sicha%203.txt","https://drive.google.com/file/d/16vJ118_WvmTEHuhymIwSqPkliAxFs77D/view",0.95,"50hr-selected"
"a_2495","1789--5736-Av 20f Sicha 6.mp3","5736","Av",20,"",10.91,"https://audio.kohnai.ai/training/1789--5736-Av%2020f%20Sicha%206.mp3","https://drive.google.com/file/d/1ThIZNYtWKETG0j6gCMUdL7goy38vJ_Xg/view","t_802","20 Av 5736 Sicha 2.docx","/api/transcript?name=20%20Av%205736%20Sicha%202.txt","https://drive.google.com/file/d/1VVFpdc-rsLckVH3kSRrMefKz6_yA5eJB/view",0.95,"50hr-selected"
"a_2491","1793--5736-Av 20j Sicha 10.mp3","5736","Av",20,"",10.64,"https://audio.kohnai.ai/training/1793--5736-Av%2020j%20Sicha%2010.mp3","https://drive.google.com/file/d/1A-XOCWEFCHKlSuT0lYYKl-E7lOfBrxyK/view","t_802","20 Av 5736 Sicha 2.docx","/api/transcript?name=20%20Av%205736%20Sicha%202.txt","https://drive.google.com/file/d/1VVFpdc-rsLckVH3kSRrMefKz6_yA5eJB/view",0.95,"50hr-selected"
"a_2216","1833--5737-Cheshvan 04c Sicha 2.mp3","5737","Cheshvan",4,"",9.68,"https://audio.kohnai.ai/training/1833--5737-Cheshvan%2004c%20Sicha%202.mp3","https://drive.google.com/file/d/1D-7xR7CHiFyRgPRI3uV0gvsyo5_ebY2_/view","t_896","4 Cheshvan 5737 Sicha 1.doc","/api/transcript?name=4%20Cheshvan%205737%20Sicha%201.txt","https://drive.google.com/file/d/18UnjLXM8ST3ZNMt6hsLC_hILY3LF5bCe/view",0.95,"50hr-selected"
"a_2215","1834--5737-Cheshvan 04d Sicha 3.mp3","5737","Cheshvan",4,"",21.13,"https://audio.kohnai.ai/training/1834--5737-Cheshvan%2004d%20Sicha%203.mp3","https://drive.google.com/file/d/10vabH2fJgUtMu9b5oekzrReFECvhNwAr/view","t_896","4 Cheshvan 5737 Sicha 1.doc","/api/transcript?name=4%20Cheshvan%205737%20Sicha%201.txt","https://drive.google.com/file/d/18UnjLXM8ST3ZNMt6hsLC_hILY3LF5bCe/view",0.95,"50hr-selected"
"a_2204","1845--5737-Kislev 20g Mamar.mp3","5737","Kislev",20,"",17.92,"https://audio.kohnai.ai/training/1845--5737-Kislev%2020g%20Mamar.mp3","https://drive.google.com/file/d/1FLiq94z6pdf1UZ5XxBlak_GwPcvAeA-U/view","t_863","20 Kislev 5737 - Sicha 2.docx","/api/transcript?name=20%20Kislev%205737%20-%20Sicha%202.txt","https://drive.google.com/file/d/1mHg7Jw8ZfD8GLBv0gVJnLKNq0142tAlD/view",0.95,"50hr-selected"
"a_2202","1847--5737-Kislev 20i Sicha 8.mp3","5737","Kislev",20,"",19.34,"https://audio.kohnai.ai/training/1847--5737-Kislev%2020i%20Sicha%208.mp3","https://drive.google.com/file/d/1FRXSv8WhkdPIJQW2yg-QpRXR-vz1R6U2/view","t_863","20 Kislev 5737 - Sicha 2.docx","/api/transcript?name=20%20Kislev%205737%20-%20Sicha%202.txt","https://drive.google.com/file/d/1mHg7Jw8ZfD8GLBv0gVJnLKNq0142tAlD/view",0.95,"50hr-selected"
"a_2174","1875--5737-Nissan 11d Nigunim.mp3","5737","Nissan",11,"",26.35,"https://audio.kohnai.ai/training/1875--5737-Nissan%2011d%20Nigunim.mp3","https://drive.google.com/file/d/12KbxXxWE6MbvFA7vbGV2TI9k7txv1NQw/view","t_801","11 Nissan 5737.DOC","/api/transcript?name=11%20Nissan%205737.txt","https://drive.google.com/file/d/1wwwMqv7SRuhmKKayC6Ih1RUZFa9fzaTH/view",0.95,"50hr-selected"
"a_2171","1878--5737-Nissan 11g Mamar.mp3","5737","Nissan",11,"",15.51,"https://audio.kohnai.ai/training/1878--5737-Nissan%2011g%20Mamar.mp3","https://drive.google.com/file/d/1FY7XRsyIIxG7L8JUovAvieYllZRMQ880/view","t_801","11 Nissan 5737.DOC","/api/transcript?name=11%20Nissan%205737.txt","https://drive.google.com/file/d/1wwwMqv7SRuhmKKayC6Ih1RUZFa9fzaTH/view",0.95,"50hr-selected"
"a_2147","1902--5737-Tamuz 12f Sicha 6.mp3","5737","Tamuz",12,"",16.15,"https://audio.kohnai.ai/training/1902--5737-Tamuz%2012f%20Sicha%206.mp3","https://drive.google.com/file/d/1qy0GPpTy2bjiy_aTrrBmJOkJPZw_ghfh/view","t_834","12 Tammuz 5737 Sicha 6.docx","/api/transcript?name=12%20Tammuz%205737%20Sicha%206.txt","https://drive.google.com/file/d/1zGa35qRIOxsemECJJ2PvaFRlRgf6jQ1D/view",0.95,"50hr-selected"
"a_2146","1903--5737-Tamuz 12g Sicha 7.mp3","5737","Tamuz",12,"",6.94,"https://audio.kohnai.ai/training/1903--5737-Tamuz%2012g%20Sicha%207.mp3","https://drive.google.com/file/d/1Wg1oKkf-pUrMD4nuWJtScN3_RaZMGT_6/view","t_830","12 Tammuz 5737 Sicha 7.docx","/api/transcript?name=12%20Tammuz%205737%20Sicha%207.txt","https://drive.google.com/file/d/1F5eB4x3NMZE2wTIxKBotOoxJMAgwjIBI/view",0.95,"50hr-selected"
"a_2144","1904--5737-Tamuz 12h Mamar.mp3","5737","Tamuz",12,"",17.37,"https://audio.kohnai.ai/training/1904--5737-Tamuz%2012h%20Mamar.mp3","https://drive.google.com/file/d/1eMHegwYv2LH55MQcg1NsE0P3fXF8zCHv/view","t_831","12 Tammuz 5737 Maamar.docx","/api/transcript?name=12%20Tammuz%205737%20Maamar.txt","https://drive.google.com/file/d/1gNykfebeKSnNwiyHE73Wlhc1OHR6XIqf/view",0.95,"50hr-selected"
"a_2131","1919--5737-Elul 18 Mamar.mp3","5737","Elul",18,"",23.76,"https://audio.kohnai.ai/training/1919--5737-Elul%2018%20Mamar.mp3","https://drive.google.com/file/d/1iEVnFqm1NfPnec9shzOdKAF_H6PM9kGv/view","t_897","18 Elul 5737 Sichos 3, 4.doc","/api/transcript?name=18%20Elul%205737%20Sichos%203%2C%204.txt","https://drive.google.com/file/d/1ncpWmOe4jRHYhglIQCRPrkiz3ew2j7oW/view",0.95,"50hr-selected"
"a_2126","1923--5737-Elul 18d Sicha 4.mp3","5737","Elul",18,"",10.02,"https://audio.kohnai.ai/training/1923--5737-Elul%2018d%20Sicha%204.mp3","https://drive.google.com/file/d/1CKMPJGQm11lv3wHwe9mgORVV2rUTt8y6/view","t_897","18 Elul 5737 Sichos 3, 4.doc","/api/transcript?name=18%20Elul%205737%20Sichos%203%2C%204.txt","https://drive.google.com/file/d/1ncpWmOe4jRHYhglIQCRPrkiz3ew2j7oW/view",0.95,"50hr-selected"
"a_2125","1924--5737-Elul 18e Sicha 5.mp3","5737","Elul",18,"",9.24,"https://audio.kohnai.ai/training/1924--5737-Elul%2018e%20Sicha%205.mp3","https://drive.google.com/file/d/1XxBatgVonPea4bgsHk3XO5ajxaQwEijQ/view","t_897","18 Elul 5737 Sichos 3, 4.doc","/api/transcript?name=18%20Elul%205737%20Sichos%203%2C%204.txt","https://drive.google.com/file/d/1ncpWmOe4jRHYhglIQCRPrkiz3ew2j7oW/view",0.95,"50hr-selected"
"a_1963","1955--5738-Kislev 09b Mamar kein sicha.mp3","5738","Kislev",9,"",30.89,"https://audio.kohnai.ai/training/1955--5738-Kislev%2009b%20Mamar%20kein%20sicha.mp3","https://drive.google.com/file/d/1d-rUOxxmZ5yQAZ5jhGfZUuHJQX94Scc4/view","t_804","9 Kislev 5738 Sicha 2.docx","/api/transcript?name=9%20Kislev%205738%20Sicha%202.txt","https://drive.google.com/file/d/1sUZK8Fc14ML2dzVzYYyRnsSbkxceIx-c/view",0.95,"50hr-selected"
"a_1926","1990--5738-Tevet 10 Sicha.mp3","5738","Teves",10,"",11.85,"https://audio.kohnai.ai/training/1990--5738-Tevet%2010%20Sicha.mp3","https://drive.google.com/file/d/1YeFS_IpUOYwPHPkmcIiPS1kSgERJY4nD/view","t_845","10 Tevet 5738.docx","/api/transcript?name=10%20Tevet%205738.txt","https://drive.google.com/file/d/13G6fIQefBJhfyTl1U469u2Obmj4J1Im2/view",0.95,"50hr-selected"
"a_1913","2004--5738-Shvat 10d Mamar.mp3","5738","Shevat",10,"",17.61,"https://audio.kohnai.ai/training/2004--5738-Shvat%2010d%20Mamar.mp3","https://drive.google.com/file/d/1-jGX4uVlWb_ykQ_5eDMKIYKnuykhv3-M/view","t_827","10 Shevat 5738.docx","/api/transcript?name=10%20Shevat%205738.txt","https://drive.google.com/file/d/1X_4z3GaQkE86M6UgmhqXgfWQuhFm2ZwA/view",0.95,"50hr-selected"
"a_1911","2005--5738-Shvat 10e Sicha 4.mp3","5738","Shevat",10,"",16.25,"https://audio.kohnai.ai/training/2005--5738-Shvat%2010e%20Sicha%204.mp3","https://drive.google.com/file/d/10meMjSQSe5ucuRJj_Xai0zl41Fkw1k4u/view","t_827","10 Shevat 5738.docx","/api/transcript?name=10%20Shevat%205738.txt","https://drive.google.com/file/d/1X_4z3GaQkE86M6UgmhqXgfWQuhFm2ZwA/view",0.95,"50hr-selected"
"a_1886","2031--5738-AdarB 14 Mamar.mp3","5738","Adar II",14,"",29.23,"https://audio.kohnai.ai/training/2031--5738-AdarB%2014%20Mamar.mp3","https://drive.google.com/file/d/1zloPaEQ6fyvylK4vkUzFXvG1zLga7394/view","t_805","14 Adar II 5738 Sicha 2.docx","/api/transcript?name=14%20Adar%20II%205738%20Sicha%202.txt","https://drive.google.com/file/d/1FFKek8BDMNStkBx9zcVcr-74dwMMed53/view",0.95,"50hr-selected"
"a_1882","2035--5738-AdarB 14e Sicha 4.mp3","5738","Adar II",14,"",20.04,"https://audio.kohnai.ai/training/2035--5738-AdarB%2014e%20Sicha%204.mp3","https://drive.google.com/file/d/1YeJvnM7cJE8dj_n0Lhy062_kjnY4zHrY/view","t_805","14 Adar II 5738 Sicha 2.docx","/api/transcript?name=14%20Adar%20II%205738%20Sicha%202.txt","https://drive.google.com/file/d/1FFKek8BDMNStkBx9zcVcr-74dwMMed53/view",0.95,"50hr-selected"
"a_1843","2073--5738-Iyar 18e Sicha 4.mp3","5738","Iyar",18,"",42.64,"https://audio.kohnai.ai/training/2073--5738-Iyar%2018e%20Sicha%204.mp3","https://drive.google.com/file/d/1YiLRC07R537RX-IA4oqPvy1E7o8-FK3p/view","t_888","18 Iyar 5738.docx","/api/transcript?name=18%20Iyar%205738.txt","https://drive.google.com/file/d/1yv4IY2WQbZ2aEQRbuyupW26J_clWddGw/view",0.95,"50hr-selected"
"a_1571","2216--5739-Kislev 14d Mamar.mp3","5739","Kislev",14,"",12.01,"https://audio.kohnai.ai/training/2216--5739-Kislev%2014d%20Mamar.mp3","https://drive.google.com/file/d/1fzXhh1Gz04mr3vAk9zp5svRXL63GYf3L/view","t_836","14 Kislev 5739.docx","/api/transcript?name=14%20Kislev%205739.txt","https://drive.google.com/file/d/17rFdCD_ggM4cwTJFSoLPqGZzT54Nf8lN/view",0.95,"50hr-selected"
"a_1568","2218--5739-Kislev 14f Sicha 5 and Sheva brochos.mp3","5739","Kislev",14,"",20.27,"https://audio.kohnai.ai/training/2218--5739-Kislev%2014f%20Sicha%205%20and%20Sheva%20brochos.mp3","https://drive.google.com/file/d/1tuS1WBQMZpHpH97c2GzurazyR1v8bUjY/view","t_836","14 Kislev 5739.docx","/api/transcript?name=14%20Kislev%205739.txt","https://drive.google.com/file/d/17rFdCD_ggM4cwTJFSoLPqGZzT54Nf8lN/view",0.95,"50hr-selected"
"a_1567","2219--5739-Kislev 14g Sicha 6.mp3","5739","Kislev",14,"",9.95,"https://audio.kohnai.ai/training/2219--5739-Kislev%2014g%20Sicha%206.mp3","https://drive.google.com/file/d/1JuB468O_WlyHdnaf-V_tpIIsBGZ16LD7/view","t_836","14 Kislev 5739.docx","/api/transcript?name=14%20Kislev%205739.txt","https://drive.google.com/file/d/17rFdCD_ggM4cwTJFSoLPqGZzT54Nf8lN/view",0.95,"50hr-selected"
"a_1566","2220--5739-Kislev 14h Sicha 7.mp3","5739","Kislev",14,"",7.56,"https://audio.kohnai.ai/training/2220--5739-Kislev%2014h%20Sicha%207.mp3","https://drive.google.com/file/d/1P4oysBos_2jOtHBHBxU4yE2VnDcyUTiI/view","t_836","14 Kislev 5739.docx","/api/transcript?name=14%20Kislev%205739.txt","https://drive.google.com/file/d/17rFdCD_ggM4cwTJFSoLPqGZzT54Nf8lN/view",0.95,"50hr-selected"
"a_1506","2279--5739-Shvat 14c Mamar.mp3","5739","Shevat",14,"",13.6,"https://audio.kohnai.ai/training/2279--5739-Shvat%2014c%20Mamar.mp3","https://drive.google.com/file/d/164rg-klFICFzGpExPoweOpNv396fWxgL/view","t_821","14 Shevat 5739 - End of Sicha 1.docx","/api/transcript?name=14%20Shevat%205739%20-%20End%20of%20Sicha%201.txt","https://drive.google.com/file/d/1ZyQZhi5F2Ag_i3c_OANxtSnqPMy2oEfM/view",0.95,"50hr-selected"
"a_1507","2280--5739-Shvat 14d Sicha 3.mp3","5739","Shevat",14,"",26.52,"https://audio.kohnai.ai/training/2280--5739-Shvat%2014d%20Sicha%203.mp3","https://drive.google.com/file/d/1cXvamWMASVAaWtAxjw8YZfeOFx_uyEkg/view","t_821","14 Shevat 5739 - End of Sicha 1.docx","/api/transcript?name=14%20Shevat%205739%20-%20End%20of%20Sicha%201.txt","https://drive.google.com/file/d/1ZyQZhi5F2Ag_i3c_OANxtSnqPMy2oEfM/view",0.95,"50hr-selected"
"a_1468","2318--5739-Adar 19d Mamar.mp3","5739","Adar",19,"",14.73,"https://audio.kohnai.ai/training/2318--5739-Adar%2019d%20Mamar.mp3","https://drive.google.com/file/d/1RjYOqExaNQDw5XjIj4fOq8u6jbwnZdlC/view","t_879","19 Adar 5739 - Fall of Arab Dictatorships.docx","/api/transcript?name=19%20Adar%205739%20-%20Fall%20of%20Arab%20Dictatorships.txt","https://drive.google.com/file/d/1YPZ6LKyQ2ry0M0n5nEAeGT07xo04T4f5/view",0.95,"50hr-selected"
"a_1466","2319--5739-Adar 19e Sicha 4.mp3","5739","Adar",19,"",41.04,"https://audio.kohnai.ai/training/2319--5739-Adar%2019e%20Sicha%204.mp3","https://drive.google.com/file/d/1S6OdTloX5tOMnA_6yD3QpZ8ecrneG573/view","t_879","19 Adar 5739 - Fall of Arab Dictatorships.docx","/api/transcript?name=19%20Adar%205739%20-%20Fall%20of%20Arab%20Dictatorships.txt","https://drive.google.com/file/d/1YPZ6LKyQ2ry0M0n5nEAeGT07xo04T4f5/view",0.95,"50hr-selected"
"a_1391","2391--5739-Tamuz 13 Mamar.mp3","5739","Tamuz",13,"",17.03,"https://audio.kohnai.ai/training/2391--5739-Tamuz%2013%20Mamar.mp3","https://drive.google.com/file/d/1154dIGm2B1hWfvbTeRXSRApwz7YeIrcD/view","t_848","13 Tammuz 5739 Sicha 5 – Meditation.doc","/api/transcript?name=13%20Tammuz%205739%20Sicha%205%20%E2%80%93%20Meditation.txt","https://drive.google.com/file/d/1poeaLGcu2w56s9kKCtvtY3nC6mu-SU6l/view",0.95,"50hr-selected"
"a_1392","2394--5739-Tamuz 13d Sicha 3.mp3","5739","Tamuz",13,"",13.08,"https://audio.kohnai.ai/training/2394--5739-Tamuz%2013d%20Sicha%203.mp3","https://drive.google.com/file/d/14IaVCLyimMFDbeqH1xNB90DVObwuFwMo/view","t_848","13 Tammuz 5739 Sicha 5 – Meditation.doc","/api/transcript?name=13%20Tammuz%205739%20Sicha%205%20%E2%80%93%20Meditation.txt","https://drive.google.com/file/d/1poeaLGcu2w56s9kKCtvtY3nC6mu-SU6l/view",0.95,"50hr-selected"
"a_1390","2395--5739-Tamuz 13e Sicha 4.mp3","5739","Tamuz",13,"",7.76,"https://audio.kohnai.ai/training/2395--5739-Tamuz%2013e%20Sicha%204.mp3","https://drive.google.com/file/d/10sRshKOgUS0JCdes4TlgReWckGf6nF23/view","t_848","13 Tammuz 5739 Sicha 5 – Meditation.doc","/api/transcript?name=13%20Tammuz%205739%20Sicha%205%20%E2%80%93%20Meditation.txt","https://drive.google.com/file/d/1poeaLGcu2w56s9kKCtvtY3nC6mu-SU6l/view",0.95,"50hr-selected"
"a_1393","2396--5739-Tamuz 13f Sicha 5.mp3","5739","Tamuz",13,"",9.14,"https://audio.kohnai.ai/training/2396--5739-Tamuz%2013f%20Sicha%205.mp3","https://drive.google.com/file/d/1Wfe4i9OMvXZo-l07qY5AA24HOZZNeLTJ/view","t_848","13 Tammuz 5739 Sicha 5 – Meditation.doc","/api/transcript?name=13%20Tammuz%205739%20Sicha%205%20%E2%80%93%20Meditation.txt","https://drive.google.com/file/d/1poeaLGcu2w56s9kKCtvtY3nC6mu-SU6l/view",0.95,"50hr-selected"
"a_1078","2496--5740-Cheshvan 07b Sicha 1.mp3","5740","Cheshvan",7,"",17.2,"https://audio.kohnai.ai/training/2496--5740-Cheshvan%2007b%20Sicha%201.mp3","https://drive.google.com/file/d/1GTWkpkIZ29A6di2EcW_EXHMT9sgfzL2B/view","t_642","7 Cheshvan 5740.doc","/api/transcript?name=7%20Cheshvan%205740.txt","https://drive.google.com/file/d/1xwy7TgI3isGBJ3Du2tyL_IsnB0z6x01H/view",0.95,"50hr-selected"
"a_1045","2528--5740-Kislev 26g 12 Psukim Rally.mp3","5740","Kislev",26,"",13.09,"https://audio.kohnai.ai/training/2528--5740-Kislev%2026g%2012%20Psukim%20Rally.mp3","https://drive.google.com/file/d/1MHrpvsTb2ju9HIIFw1JzQcNMw8J2fX40/view","t_543","26 Kislev 5740 Sicha 2.docx","/api/transcript?name=26%20Kislev%205740%20Sicha%202.txt","https://drive.google.com/file/d/1ie7mYdx48-2kUyyRz9n8CstZTAtJlDSg/view",0.95,"50hr-selected"
"a_1043","2530--5740-Kislev 26i Sicha 2 Rally.mp3","5740","Kislev",26,"",9.26,"https://audio.kohnai.ai/training/2530--5740-Kislev%2026i%20Sicha%202%20Rally.mp3","https://drive.google.com/file/d/13zkmtTWrY1hVCDfIsFMhQ6gncXlCe7cO/view","t_543","26 Kislev 5740 Sicha 2.docx","/api/transcript?name=26%20Kislev%205740%20Sicha%202.txt","https://drive.google.com/file/d/1ie7mYdx48-2kUyyRz9n8CstZTAtJlDSg/view",0.95,"50hr-selected"
"a_1022","2551--5740-Shvat 10g Sicha 6.mp3","5740","Shevat",10,"",21.85,"https://audio.kohnai.ai/training/2551--5740-Shvat%2010g%20Sicha%206.mp3","https://drive.google.com/file/d/1V4JgxQdZdKrGnb2ool23kj1eRQFqqZvm/view","t_340","10 Shevat 5740 Sicha 6.docx","/api/transcript?name=10%20Shevat%205740%20Sicha%206.txt","https://drive.google.com/file/d/1bB-Q5pTGTx5UV-LOjrYY3RjjxoVykTS8/view",0.95,"50hr-selected"
"a_1013","2562--5740-Adar 14d Sicha 4.mp3","5740","Adar",14,"",22.22,"https://audio.kohnai.ai/training/2562--5740-Adar%2014d%20Sicha%204.mp3","https://drive.google.com/file/d/149ugEHRANpNnD9pbYNDvT6-j-Xb515QI/view","t_547","14 Adar 5740 Sicha 4.docx","/api/transcript?name=14%20Adar%205740%20Sicha%204.txt","https://drive.google.com/file/d/1BgyJN0RkjhAep4WmECpsY2hVjqcaMCl_/view",0.95,"50hr-selected"
"a_992","2583--5740-Nissan 11g Sicha 5.mp3","5740","Nissan",11,"",13.68,"https://audio.kohnai.ai/training/2583--5740-Nissan%2011g%20Sicha%205.mp3","https://drive.google.com/file/d/1UdBLX8p7QnAzhbhydut3ubr-B-ZjeVWs/view","t_556","11 Nissan 5740 Sicha 1.doc.docx","/api/transcript?name=11%20Nissan%205740%20Sicha%201.doc.txt","https://drive.google.com/file/d/1CNftRKMLG_ApWpcvm2JUfSLLLFqIwAa-/view",0.95,"50hr-selected"
"a_983","2590--5740-Iyar 14c Sicha 3.mp3","5740","Iyar",14,"",17.85,"https://audio.kohnai.ai/training/2590--5740-Iyar%2014c%20Sicha%203.mp3","https://drive.google.com/file/d/18SMhhqDnVrK6NRi3Tz8w1_yKURPB1IFR/view","t_595","14 Iyar 5740 - partial.docx","/api/transcript?name=14%20Iyar%205740%20-%20partial.txt","https://drive.google.com/file/d/1cVWfUwSnT1-ZIoY3WOdvXeM3UjVV5pQP/view",0.95,"50hr-selected"
"a_949","2629--5740-Sivan 13c Sicha 2 Rally.mp3","5740","Sivan",13,"",8.39,"https://audio.kohnai.ai/training/2629--5740-Sivan%2013c%20Sicha%202%20Rally.mp3","https://drive.google.com/file/d/1IPm-j5IWvE4Ds6r2EcjYt5YfK04F1_-A/view","t_524","13 Sivan 5740 Sicha 2.docx","/api/transcript?name=13%20Sivan%205740%20Sicha%202.txt","https://drive.google.com/file/d/1hcwSLRownkL13ZZMyLRJ6fnpqMMqTafa/view",0.95,"50hr-selected"
"a_942","2638--5740-Tamuz 12e Sicha 5.mp3","5740","Tamuz",12,"",12.92,"https://audio.kohnai.ai/training/2638--5740-Tamuz%2012e%20Sicha%205.mp3","https://drive.google.com/file/d/1ImFajgoOFDcdoqXYQVdtNTpbdqrWHgAJ/view","t_484","12 Tammuz 5740 Sicha 3.doc","/api/transcript?name=12%20Tammuz%205740%20Sicha%203.txt","https://drive.google.com/file/d/1stEcHgeT2ensN6BErb2ua0NwtMNEcOL5/view",0.95,"50hr-selected"
"a_933","2641--5740-Tamuz 12h Sicha 7.mp3","5740","Tamuz",12,"",12.31,"https://audio.kohnai.ai/training/2641--5740-Tamuz%2012h%20Sicha%207.mp3","https://drive.google.com/file/d/136RvrpZTf2ZobJBajYzAt0QYQPOr_fZb/view","t_484","12 Tammuz 5740 Sicha 3.doc","/api/transcript?name=12%20Tammuz%205740%20Sicha%203.txt","https://drive.google.com/file/d/1stEcHgeT2ensN6BErb2ua0NwtMNEcOL5/view",0.95,"50hr-selected"
"a_937","2645--5740-Av 04 12 Psukim day camps.mp3","5740","Av",4,"",8.16,"https://audio.kohnai.ai/training/2645--5740-Av%2004%2012%20Psukim%20day%20camps.mp3","https://drive.google.com/file/d/1S5YujWIus2BUQZrA8iyEYSSnGGgSMyln/view","t_498","4 Av 5740.docx","/api/transcript?name=4%20Av%205740.txt","https://drive.google.com/file/d/1kKTptDWQkaX8CWqluEnQx6nt51MHDnsJ/view",0.95,"50hr-selected"
"a_928","2650--5740-Av 04f Sicha 5 day camps.mp3","5740","Av",4,"",12.96,"https://audio.kohnai.ai/training/2650--5740-Av%2004f%20Sicha%205%20day%20camps.mp3","https://drive.google.com/file/d/1L1QdyZdTLn45wtKIBQ90c1afHc-W_Z7n/view","t_511","4 Av 5740 Sicha 4, 5.doc","/api/transcript?name=4%20Av%205740%20Sicha%204%2C%205.txt","https://drive.google.com/file/d/12-vNAB_828aIR759M4IHrj3pJ0nSQDV5/view",0.95,"50hr-selected"
"a_909","2666--5740-Elul 01c Sicha 3.mp3","5740","Elul",1,"",17.81,"https://audio.kohnai.ai/training/2666--5740-Elul%2001c%20Sicha%203.mp3","https://drive.google.com/file/d/1EJPRt7yU9UkYzwOxGk3izp1-1_gzl1nl/view","t_401","1 Elul 5740 Sicha 4.doc","/api/transcript?name=1%20Elul%205740%20Sicha%204.txt","https://drive.google.com/file/d/1Q1qoI6qPhgy1-LZUKTp6tK-4I2nihtY5/view",0.95,"50hr-selected"
"a_2116","2709--5741-Cheshvan 20 Mamar.mp3","5741","Cheshvan",20,"",19.66,"https://audio.kohnai.ai/training/2709--5741-Cheshvan%2020%20Mamar.mp3","https://drive.google.com/file/d/1keiki-Yl70EzlEekfct-aLfhugoi3ugC/view","t_625","20 Cheshvan 5741 Sicha 1.doc","/api/transcript?name=20%20Cheshvan%205741%20Sicha%201.txt","https://drive.google.com/file/d/1mqIAemMMuKBhWBdyTTvh1ROgWVeYfk2S/view",0.95,"50hr-selected"
"a_2114","2712--5741-Cheshvan 20d Sicha 3.mp3","5741","Cheshvan",20,"",11.04,"https://audio.kohnai.ai/training/2712--5741-Cheshvan%2020d%20Sicha%203.mp3","https://drive.google.com/file/d/10b1uL3XSowytvrrd0WvGTG7mGEHOYxOR/view","t_625","20 Cheshvan 5741 Sicha 1.doc","/api/transcript?name=20%20Cheshvan%205741%20Sicha%201.txt","https://drive.google.com/file/d/1mqIAemMMuKBhWBdyTTvh1ROgWVeYfk2S/view",0.95,"50hr-selected"
"a_2109","2717--5741-Kislev 09e Sicha 4.mp3","5741","Kislev",9,"",41.15,"https://audio.kohnai.ai/training/2717--5741-Kislev%2009e%20Sicha%204.mp3","https://drive.google.com/file/d/1JHAV9tk0But98NuEu1MdKNomyNMhmidr/view","t_778","9 Kislev 5741.doc","/api/transcript?name=9%20Kislev%205741.txt","https://drive.google.com/file/d/1HLUSasrrqfKcxJ_jFzzWXxDhJuquBtnK/view",0.95,"50hr-selected"
"a_2091","2737--5741-Tevet 03c Sicha 3.mp3","5741","Teves",3,"",23.33,"https://audio.kohnai.ai/training/2737--5741-Tevet%2003c%20Sicha%203.mp3","https://drive.google.com/file/d/1MN9zKC1L5s5bnIG659T3C8VFDQhrTwNV/view","t_759","3 Tevet 5741 Sicha 2.doc","/api/transcript?name=3%20Tevet%205741%20Sicha%202.txt","https://drive.google.com/file/d/1mbTKCR6xfooN1qGuvOq5EzFLLaoNwl8_/view",0.95,"50hr-selected"
"a_2077","2747--5741-Shvat 01 Sicha 1.mp3","5741","Shevat",1,"",11.85,"https://audio.kohnai.ai/training/2747--5741-Shvat%2001%20Sicha%201.mp3","https://drive.google.com/file/d/132uLPqXT1xgvQuTvHjgaiINwiy6GOzQf/view","t_551","1 Shevat 5741 - Family Planning.docx","/api/transcript?name=1%20Shevat%205741%20-%20Family%20Planning.txt","https://drive.google.com/file/d/1ORkh3gYADPR5ja9aSyAVNNykETSBe_CD/view",0.95,"50hr-selected"
"a_2076","2755--5741-Shvat 10e Mamar.mp3","5741","Shevat",10,"",15.99,"https://audio.kohnai.ai/training/2755--5741-Shvat%2010e%20Mamar.mp3","https://drive.google.com/file/d/1voBBZcyKOsJ_-GP_iKjXiMsyrHdtqc2i/view","t_328","296 Sicha 10 Shevat 5741 - In G-d We Trust.doc","/api/transcript?name=296%20Sicha%2010%20Shevat%205741%20-%20In%20G-d%20We%20Trust.txt","https://drive.google.com/file/d/17Ueu1x7hni3qjFiduIlZEBT1FLPnbxBI/view",0.95,"50hr-selected"
"a_2004","2823--5741-Tamuz 12e Mamar.mp3","5741","Tamuz",12,"",18.39,"https://audio.kohnai.ai/training/2823--5741-Tamuz%2012e%20Mamar.mp3","https://drive.google.com/file/d/1Q2WsoAgq-94DXySIG9sQXAQA7yB-hzTz/view","t_506","12 Tammuz 5741 Full (no maamar).doc","/api/transcript?name=12%20Tammuz%205741%20Full%20(no%20maamar).txt","https://drive.google.com/file/d/1jWfbFsNpgxqOhLUBKgprtQtmfNce8l9T/view",0.95,"50hr-selected"
"a_2001","2825--5741-Tamuz 12g Sicha 6.mp3","5741","Tamuz",12,"",14.98,"https://audio.kohnai.ai/training/2825--5741-Tamuz%2012g%20Sicha%206.mp3","https://drive.google.com/file/d/11tqRhb2R_H9TLoMjvJy5g7GoltBrUHY7/view","t_324","12 Tammuz 5741 - Sicha 3.docx","/api/transcript?name=12%20Tammuz%205741%20-%20Sicha%203.txt","https://drive.google.com/file/d/1uw4E5uLdIM83BwcTa9xzt6Vd_XgQayzj/view",0.95,"50hr-selected"
"a_1989","2838--5741-Av 20e Sicha 5.mp3","5741","Av",20,"",19.33,"https://audio.kohnai.ai/training/2838--5741-Av%2020e%20Sicha%205.mp3","https://drive.google.com/file/d/10JfMWM2ql-L_PGaKX0O4PwYqi6nszNnb/view","t_477","20 Av 5741 Sicha.docx","/api/transcript?name=20%20Av%205741%20Sicha.txt","https://drive.google.com/file/d/1IZgQ35THpNn51MfhfxgkJD8thUxBauri/view",0.95,"50hr-selected"
"a_2462","2922--5742-Cheshvan 20c Sicha 3.mp3","5742","Cheshvan",20,"",14.27,"https://audio.kohnai.ai/training/2922--5742-Cheshvan%2020c%20Sicha%203.mp3","https://drive.google.com/file/d/1A4ojRpSKvhpCDkFNzJc_h54GwIOuaHjy/view","t_350","20 Cheshvan 5742 Sicha 2.docx","/api/transcript?name=20%20Cheshvan%205742%20Sicha%202.txt","https://drive.google.com/file/d/1P0oGS7hkZ9u2r3ynjca0Z_eFtDnBsYsI/view",0.95,"50hr-selected"
"a_2465","2923--5742-Cheshvan 20d Sicha 4.mp3","5742","Cheshvan",20,"",10.79,"https://audio.kohnai.ai/training/2923--5742-Cheshvan%2020d%20Sicha%204.mp3","https://drive.google.com/file/d/1_u-StdQ4uhlCw8YB0F-SHzWUKK7J-S9h/view","t_350","20 Cheshvan 5742 Sicha 2.docx","/api/transcript?name=20%20Cheshvan%205742%20Sicha%202.txt","https://drive.google.com/file/d/1P0oGS7hkZ9u2r3ynjca0Z_eFtDnBsYsI/view",0.95,"50hr-selected"
"a_2457","2933--5742-Kislev 19i Mamar.mp3","5742","Kislev",19,"",12.62,"https://audio.kohnai.ai/training/2933--5742-Kislev%2019i%20Mamar.mp3","https://drive.google.com/file/d/1JxiWMeZbL0jpQ0JnZhyGc7UjQw5uP3mg/view","t_436","19 Kislev 5742 Maamar.docx","/api/transcript?name=19%20Kislev%205742%20Maamar.txt","https://drive.google.com/file/d/1rtgsAHMmgjn1LHotfR03GoKOFlf6aZh2/view",0.95,"50hr-selected"
"a_2412","2975--5742-Shvat 10g Sicha 6.mp3","5742","Shevat",10,"",23.39,"https://audio.kohnai.ai/training/2975--5742-Shvat%2010g%20Sicha%206.mp3","https://drive.google.com/file/d/1noqhtDV7yf7hN38lgW6ZnsIZtcx-wV6u/view","t_417","10 Shevat 5742 Sicha 6.docx","/api/transcript?name=10%20Shevat%205742%20Sicha%206.txt","https://drive.google.com/file/d/1a4TFiCe8ApdJ3jMJqg7v_o9hGF6ghfmv/view",0.95,"50hr-selected"
"a_2409","2978--5742-Shvat 10j Mincha.mp3","5742","Shevat",10,"",8.24,"https://audio.kohnai.ai/training/2978--5742-Shvat%2010j%20Mincha.mp3","https://drive.google.com/file/d/12rmw5vsGJdcHL4R92H9ARzrv0oqW0nY1/view","t_418","10 Shevat 5742 - End.docx","/api/transcript?name=10%20Shevat%205742%20-%20End.txt","https://drive.google.com/file/d/1BAEzFeLnFEZGZuwl4SytW9knewDxWvgI/view",0.95,"50hr-selected"
"a_2351","3033--5742-Nissan 11h Mamar.mp3","5742","Nissan",11,"",11.87,"https://audio.kohnai.ai/training/3033--5742-Nissan%2011h%20Mamar.mp3","https://drive.google.com/file/d/1Sgw7L4Bc2OKbflhfLcdgOo7YiAn_AvnW/view","t_747","11 Nissan 5742 Maamar.doc","/api/transcript?name=11%20Nissan%205742%20Maamar.txt","https://drive.google.com/file/d/1BIzagRl43BQeTHqcBPVH2DijqM1x9fiA/view",0.95,"50hr-selected"
"a_2335","3051--5742-Iyar 06d Sicha 3 Rally.mp3","5742","Iyar",6,"",14.35,"https://audio.kohnai.ai/training/3051--5742-Iyar%2006d%20Sicha%203%20Rally.mp3","https://drive.google.com/file/d/1217EVgKHRPJm2mPqShsrt5FXN0UhNApD/view","t_493","6 Iyar 5742.docx","/api/transcript?name=6%20Iyar%205742.txt","https://drive.google.com/file/d/18IrcUG68CHtEFX5WeNUoLIs9iWXpjEvn/view",0.95,"50hr-selected"
"a_2330","3058--5742-Sivan 03 Rally 12 Psukim.mp3","5742","Sivan",3,"",9.31,"https://audio.kohnai.ai/training/3058--5742-Sivan%2003%20Rally%2012%20Psukim.mp3","https://drive.google.com/file/d/1CeWpX6Hbrqor8UZTPivuk_DqAxXwTYJm/view","t_659","3 Sivan 5742.doc","/api/transcript?name=3%20Sivan%205742.txt","https://drive.google.com/file/d/1TvEnOR-_Qalv4KJ0RZaLrM8IdvM3Fzmy/view",0.95,"50hr-selected"
"a_2327","3060--5742-Sivan 03c Sicha 2 Rally.mp3","5742","Sivan",3,"",13.28,"https://audio.kohnai.ai/training/3060--5742-Sivan%2003c%20Sicha%202%20Rally.mp3","https://drive.google.com/file/d/1iW047Z2vH5bsRXQ7adVmAl231gaOSZxn/view","t_659","3 Sivan 5742.doc","/api/transcript?name=3%20Sivan%205742.txt","https://drive.google.com/file/d/1TvEnOR-_Qalv4KJ0RZaLrM8IdvM3Fzmy/view",0.95,"50hr-selected"
"a_2284","3098--5742-Tamuz 13d Sicha 3.mp3","5742","Tamuz",13,"",24.09,"https://audio.kohnai.ai/training/3098--5742-Tamuz%2013d%20Sicha%203.mp3","https://drive.google.com/file/d/16erfD5lMOVjRndvcdHOSmXjXCYgyb8bg/view","t_598","13 Tammuz 5742 - sicha 5 (nituach).docx","/api/transcript?name=13%20Tammuz%205742%20-%20sicha%205%20(nituach).txt","https://drive.google.com/file/d/1k4NfHJsFsPgz-iXetyPkfnOXFcVt1cjE/view",0.95,"50hr-selected"
"a_2266","3118--5742-Av 15e Sicha 5.mp3","5742","Av",15,"",13.75,"https://audio.kohnai.ai/training/3118--5742-Av%2015e%20Sicha%205.mp3","https://drive.google.com/file/d/17CuiPvtWShcTMKUD4yCRaNUj9BZ-6U_m/view","t_520","15 Av 5742 Sicha 5.docx","/api/transcript?name=15%20Av%205742%20Sicha%205.txt","https://drive.google.com/file/d/1Pp_yQqUG_QEeSDmH79oKkC1TtmlEAdWw/view",0.95,"50hr-selected"
"a_2249","3135--5742-Elul 01 Sicha 1.mp3","5742","Elul",1,"",15.79,"https://audio.kohnai.ai/training/3135--5742-Elul%2001%20Sicha%201.mp3","https://drive.google.com/file/d/1IjECPTH2OEcWv9ZOSjVqJQfABJ10sP5J/view","t_774","1 Elul 5742 - Sicha 4.doc","/api/transcript?name=1%20Elul%205742%20-%20Sicha%204.txt","https://drive.google.com/file/d/1C5PP7LqWFqhyHx1GYGSqwdoWtR6xJbtI/view",0.95,"50hr-selected"
"a_1178","3175--5743-Nissan 11e Mamar.mp3","5743","Nissan",11,"",16.67,"https://audio.kohnai.ai/training/3175--5743-Nissan%2011e%20Mamar.mp3","https://drive.google.com/file/d/1cthC-jqK3uSkyldOxPPFvEKQQtCbODeU/view","t_455","11 Nissan 5743 Sicha 1.docx","/api/transcript?name=11%20Nissan%205743%20Sicha%201.txt","https://drive.google.com/file/d/11oJSDyR8h2dRDOpnOe1G9bBEBD8kyGZa/view",0.95,"50hr-selected"
"a_1169","3177--5743-Nissan 11g Sicha 6.mp3","5743","Nissan",11,"",13.02,"https://audio.kohnai.ai/training/3177--5743-Nissan%2011g%20Sicha%206.mp3","https://drive.google.com/file/d/1LFCM5FmYUafm3-9Qhex5a4eUbXaAjLjv/view","t_635","11 Nissan 5743 Sicha 6-Pesach.doc","/api/transcript?name=11%20Nissan%205743%20Sicha%206-Pesach.txt","https://drive.google.com/file/d/1g70PGjzLxNC-RyJXXbBDYaLL8Ho0lX9E/view",0.95,"50hr-selected"
"a_1151","3198--5743-Iyar 14d Sicha 4.mp3","5743","Iyar",14,"",24.88,"https://audio.kohnai.ai/training/3198--5743-Iyar%2014d%20Sicha%204.mp3","https://drive.google.com/file/d/1X8VTEulGQAHEkHBIN9FbnwtwqQqq035-/view","t_522","14 Iyar 5743 sicha 3.docx","/api/transcript?name=14%20Iyar%205743%20sicha%203.txt","https://drive.google.com/file/d/1rMBmuy8a8z_Ci_NBCV6rT7oG59GoRw1-/view",0.95,"50hr-selected"
"a_1124","3229--5743-Sivan 28 Sicha Talmidos Hamseimos.mp3","5743","Sivan",28,"",24.22,"https://audio.kohnai.ai/training/3229--5743-Sivan%2028%20Sicha%20Talmidos%20Hamseimos.mp3","https://drive.google.com/file/d/151f78lr0h1lwKqYs4Q9jsfXhZQTOZjGf/view","t_656","28 Sivan 5743 - Graduates.doc","/api/transcript?name=28%20Sivan%205743%20-%20Graduates.txt","https://drive.google.com/file/d/1u3qpsVdqgOz4kW7ufmauZ8ddNCSzh-Q8/view",0.95,"50hr-selected"
"a_1117","3234--5743-Tamuz 12d Mamar.mp3","5743","Tamuz",12,"",13.92,"https://audio.kohnai.ai/training/3234--5743-Tamuz%2012d%20Mamar.mp3","https://drive.google.com/file/d/17Vf8QhwUTQDJwcK6PVIBz_yljTu0BHk2/view","t_365","12 Tammuz 5743 Maamar.DOC","/api/transcript?name=12%20Tammuz%205743%20Maamar.txt","https://drive.google.com/file/d/13_XA2uPjlxQ02ALo69Cv_c10YBwUrDCZ/view",0.95,"50hr-selected"
"a_1121","3235--5743-Tamuz 12e Sicha 4.mp3","5743","Tamuz",12,"",17.72,"https://audio.kohnai.ai/training/3235--5743-Tamuz%2012e%20Sicha%204.mp3","https://drive.google.com/file/d/1gih8yVEmHYUC7aPuUoTVrYLaCQ_5lkp3/view","t_322","710 Transcript 12 Tammuz 5743 Sicha 2.doc","/api/transcript?name=710%20Transcript%2012%20Tammuz%205743%20Sicha%202.txt","https://drive.google.com/file/d/1fGeshHo99O5oI_gVvh2a9l9hKOVTGvuE/view",0.95,"50hr-selected"
"a_1102","3248--5743-Av 15c Sicha 3.mp3","5743","Av",15,"",35.1,"https://audio.kohnai.ai/training/3248--5743-Av%2015c%20Sicha%203.mp3","https://drive.google.com/file/d/15E5GbQzOcpTWPP6q4l5NN3Zt6_kGypmf/view","t_467","15 Av 5743 Sicha 2 - Hadran.docx","/api/transcript?name=15%20Av%205743%20Sicha%202%20-%20Hadran.txt","https://drive.google.com/file/d/11hEV2YIITlUDr0nz54UMV30oxHKVw_ZF/view",0.95,"50hr-selected"
"a_1324","3302--5744-Cheshvan 20c Sicha 3.mp3","5744","Cheshvan",20,"",15.02,"https://audio.kohnai.ai/training/3302--5744-Cheshvan%2020c%20Sicha%203.mp3","https://drive.google.com/file/d/12VGK7vll_gP4aryOZ9_VQGNjGJJWGy3r/view","t_640","20 Cheshvan 5744.rtf","/api/transcript?name=20%20Cheshvan%205744.txt","https://drive.google.com/file/d/1tRCXbOpEVkA9rAIYY12nwaaXsqAkiOYH/view",0.95,"50hr-selected"
"a_1321","3303--5744-Cheshvan 20d Mamar kein Sicha.mp3","5744","Cheshvan",20,"",9.7,"https://audio.kohnai.ai/training/3303--5744-Cheshvan%2020d%20Mamar%20kein%20Sicha.mp3","https://drive.google.com/file/d/1LXiIT3-VD7j3NOgwZcBENpbg7M5zoZt3/view","t_640","20 Cheshvan 5744.rtf","/api/transcript?name=20%20Cheshvan%205744.txt","https://drive.google.com/file/d/1tRCXbOpEVkA9rAIYY12nwaaXsqAkiOYH/view",0.95,"50hr-selected"
"a_1305","3316--5744-Kislev 19d Sicha 4.mp3","5744","Kislev",19,"",31.24,"https://audio.kohnai.ai/training/3316--5744-Kislev%2019d%20Sicha%204.mp3","https://drive.google.com/file/d/15wThOU4__R_Hb4w46oKUnhjiRJ7doHZZ/view","t_568","19 Kislev 5744.doc","/api/transcript?name=19%20Kislev%205744.txt","https://drive.google.com/file/d/1FWvRegvjBYG2H5KYTQwFCcTE9jYriW-1/view",0.95,"50hr-selected"
"a_1297","3332--5744-Shvat 13 Yechidus Orchim.mp3","5744","Shevat",13,"",20.43,"https://audio.kohnai.ai/training/3332--5744-Shvat%2013%20Yechidus%20Orchim.mp3","https://drive.google.com/file/d/1vRfgqLLfOsVTs9pOBb4eG2HEaYe1Ta-G/view","t_373","13 Shevat 5744 Yechidus Guests.DOC","/api/transcript?name=13%20Shevat%205744%20Yechidus%20Guests.txt","https://drive.google.com/file/d/1XixZFD78U_5iNQ3hTQeWr0TaWVq8AS_F/view",0.95,"50hr-selected"
"a_1265","3366--5744-Nissan 11e Mamar.mp3","5744","Nissan",11,"",9.37,"https://audio.kohnai.ai/training/3366--5744-Nissan%2011e%20Mamar.mp3","https://drive.google.com/file/d/1t7Pl6OW9dwpkkAFQuoYR_gjQ-_7ZP1kD/view","t_326","477 11 Nissan 5744 Sicha 2-rega shel shtika.docx","/api/transcript?name=477%2011%20Nissan%205744%20Sicha%202-rega%20shel%20shtika.txt","https://drive.google.com/file/d/1aWVo28eBbPugh12QI-FtxlcX6p7Mlnnk/view",0.95,"50hr-selected"
"a_1248","3377--5744-Iyar 14b Sicha 2.mp3","5744","Iyar",14,"",27.8,"https://audio.kohnai.ai/training/3377--5744-Iyar%2014b%20Sicha%202.mp3","https://drive.google.com/file/d/19R2DTyWqfKsdChFmL4lfpHnt38ojxR1w/view","t_611","14 Iyar 5744 sicha 2.doc","/api/transcript?name=14%20Iyar%205744%20sicha%202.txt","https://drive.google.com/file/d/1gaWB2343C2QFL7kRgeKopUm_jpcr2Kd6/view",0.95,"50hr-selected"
"a_1236","3392--5744-Sivan 04d Sicha 3.mp3","5744","Sivan",4,"",25.01,"https://audio.kohnai.ai/training/3392--5744-Sivan%2004d%20Sicha%203.mp3","https://drive.google.com/file/d/1BEr_8yDatD4WUmcf5lNm68cv5o7Y4kqE/view","t_409","4 Sivan 5744 Sicha 1.docx","/api/transcript?name=4%20Sivan%205744%20Sicha%201.txt","https://drive.google.com/file/d/1R-JFqCtYd4h7pA3K-HqoriLuohSV2-lQ/view",0.95,"50hr-selected"
"a_1218","3405--5744-Tamuz 12d Sicha 4.mp3","5744","Tamuz",12,"",16.37,"https://audio.kohnai.ai/training/3405--5744-Tamuz%2012d%20Sicha%204.mp3","https://drive.google.com/file/d/15Xuy5e47JrbkCmMN2eQLO5pIdA0v6e8C/view","t_609","12 Tammuz 5744 Sicha 4.docx","/api/transcript?name=12%20Tammuz%205744%20Sicha%204.txt","https://drive.google.com/file/d/1ItSonkh1ykG7pvKs9Lh2LzLurb_vMP9Q/view",0.95,"50hr-selected"
"a_1220","3406--5744-Tamuz 12e Mamar.mp3","5744","Tamuz",12,"",11.87,"https://audio.kohnai.ai/training/3406--5744-Tamuz%2012e%20Mamar.mp3","https://drive.google.com/file/d/1TiutPVDig879y3kHbn9Qc7KYhagjdjkv/view","t_450","12 Tammuz 5744 Sicha 2.doc","/api/transcript?name=12%20Tammuz%205744%20Sicha%202.txt","https://drive.google.com/file/d/1AvsmghlTMDrkVm84gWXYojHgaJUKUPZQ/view",0.95,"50hr-selected"
"a_1206","3421--5744-Av 16 Rally 12 Psukim.mp3","5744","Av",16,"",7.79,"https://audio.kohnai.ai/training/3421--5744-Av%2016%20Rally%2012%20Psukim.mp3","https://drive.google.com/file/d/1Ll38uRO0Cu7Wvhj_LgJjZaAz-yjJ4uid/view","t_615","16 Av 5744.doc","/api/transcript?name=16%20Av%205744.txt","https://drive.google.com/file/d/1eVIg0Yro8DSrFvwQDGksImnE2kYvhbri/view",0.95,"50hr-selected"
"a_1203","3424--5744-Av 16d Sicha 3 Rally.mp3","5744","Av",16,"",8.9,"https://audio.kohnai.ai/training/3424--5744-Av%2016d%20Sicha%203%20Rally.mp3","https://drive.google.com/file/d/1d68y0DYOiRxeZu3CSLlHi9BJXm0xr-mt/view","t_615","16 Av 5744.doc","/api/transcript?name=16%20Av%205744.txt","https://drive.google.com/file/d/1eVIg0Yro8DSrFvwQDGksImnE2kYvhbri/view",0.95,"50hr-selected"
"a_1200","3425--5744-Av 16e Sicha 4 Rally.mp3","5744","Av",16,"",8.35,"https://audio.kohnai.ai/training/3425--5744-Av%2016e%20Sicha%204%20Rally.mp3","https://drive.google.com/file/d/1IDfm9oCzklsFrS1yDeBV-uIK19i6YBWQ/view","t_615","16 Av 5744.doc","/api/transcript?name=16%20Av%205744.txt","https://drive.google.com/file/d/1eVIg0Yro8DSrFvwQDGksImnE2kYvhbri/view",0.95,"50hr-selected"
"a_1735","3486--5745-Cheshvan 20d Sicha 4.mp3","5745","Cheshvan",20,"",21.78,"https://audio.kohnai.ai/training/3486--5745-Cheshvan%2020d%20Sicha%204.mp3","https://drive.google.com/file/d/1jPakYOE9huuPdfSoCLyDLPlR3nL4KHi6/view","t_767","20 Cheshvan 5745 - Sicha 2.doc","/api/transcript?name=20%20Cheshvan%205745%20-%20Sicha%202.txt","https://drive.google.com/file/d/1A5DjF7JJbbK5UaT1-uDpdq4NjdUhHfk7/view",0.95,"50hr-selected"
"a_1721","3498--5745-Kislev 19c Sicha 3.mp3","5745","Kislev",19,"",21.62,"https://audio.kohnai.ai/training/3498--5745-Kislev%2019c%20Sicha%203.mp3","https://drive.google.com/file/d/1NeOHaE9jBpmFO0bAdSekuW0gtvrelRuh/view","t_325","529 19 Kislev 5745 Sicha 4 - Rega shel Shtika.docx","/api/transcript?name=529%2019%20Kislev%205745%20Sicha%204%20-%20Rega%20shel%20Shtika.txt","https://drive.google.com/file/d/1Lc7zEFO0wRYHQ6B-O510KMWrGxd_qxPL/view",0.95,"50hr-selected"
"a_1716","3507--5745-Tevet 01 Rally 12 Psukim.mp3","5745","Teves",1,"",11.4,"https://audio.kohnai.ai/training/3507--5745-Tevet%2001%20Rally%2012%20Psukim.mp3","https://drive.google.com/file/d/12IgGEnjNQ683u2zfrspoK7-TZwtOII1S/view","t_396","1 Teves 5745 Sicha 3.docx","/api/transcript?name=1%20Teves%205745%20Sicha%203.txt","https://drive.google.com/file/d/1lidQH6FcPEJlBTEQdfJ7IOy8Za83-YFm/view",0.95,"50hr-selected"
"a_1703","3521--5745-Shvat 15e Sicha 4.mp3","5745","Shevat",15,"",22.65,"https://audio.kohnai.ai/training/3521--5745-Shvat%2015e%20Sicha%204.mp3","https://drive.google.com/file/d/1tlEH7Z_IXTvLPp24iYoi5-8fOrN5aoku/view","t_589","15 Shevat 5745 Sicha 2.docx","/api/transcript?name=15%20Shevat%205745%20Sicha%202.txt","https://drive.google.com/file/d/1WcBi7WxQsS2K-PXY35TQ8bxFEnhotcww/view",0.95,"50hr-selected"
"a_1691","3529--5745-Adar 07e Sicha 4.mp3","5745","Adar",7,"",20.43,"https://audio.kohnai.ai/training/3529--5745-Adar%2007e%20Sicha%204.mp3","https://drive.google.com/file/d/1HqOyq81sJN662yq_oj9lksgDCOj0IVmG/view","t_349","7 Adar 5745 Sicha 2.docx","/api/transcript?name=7%20Adar%205745%20Sicha%202.txt","https://drive.google.com/file/d/1oAG4tmuDjGBubJM1frHNKoLQof_esXkh/view",0.95,"50hr-selected"
"a_1672","3556--5745-Nissan 11h Mamar.mp3","5745","Nissan",11,"",14.19,"https://audio.kohnai.ai/training/3556--5745-Nissan%2011h%20Mamar.mp3","https://drive.google.com/file/d/1r2CWGGABQ9fprH8K7HZ9qO1Hkxq7IAu4/view","t_560","11 Nissan 5745 Sicha 3.doc","/api/transcript?name=11%20Nissan%205745%20Sicha%203.txt","https://drive.google.com/file/d/1kMEddRgM_8InWL-zZcIqY768TCnWRE4-/view",0.95,"50hr-selected"
"a_1649","3574--5745-Iyar 18d Sicha 3.mp3","5745","Iyar",18,"",19.75,"https://audio.kohnai.ai/training/3574--5745-Iyar%2018d%20Sicha%203.mp3","https://drive.google.com/file/d/161xf0_zC2F-SpfCQc66DzplghyomkPCm/view","t_608","18 Iyar 5745 Sicha 4.docx","/api/transcript?name=18%20Iyar%205745%20Sicha%204.txt","https://drive.google.com/file/d/1c9NIRSSZ6vk7faeyFOAxa_lzYsobHn91/view",0.95,"50hr-selected"
"a_1641","3584--5745-Sivan 09 Yechidus Orchim.mp3","5745","Sivan",9,"",20.21,"https://audio.kohnai.ai/training/3584--5745-Sivan%2009%20Yechidus%20Orchim.mp3","https://drive.google.com/file/d/1xfqGPnqggfsb8TOdZvwfbdoXa8gbyKQS/view","t_374","9 Sivan 5745.doc","/api/transcript?name=9%20Sivan%205745.txt","https://drive.google.com/file/d/1g31ejqnieM5HAF7H8_U2WR-cklBjh0qV/view",0.95,"50hr-selected"
"a_1631","3592--5745-Tamuz 12e Mamar.mp3","5745","Tamuz",12,"",17.29,"https://audio.kohnai.ai/training/3592--5745-Tamuz%2012e%20Mamar.mp3","https://drive.google.com/file/d/1QW9_2TySpRpuQaUQnaTwddpAD7GrRUvk/view","t_588","12 Tammuz 5745 Maamar.docx","/api/transcript?name=12%20Tammuz%205745%20Maamar.txt","https://drive.google.com/file/d/1LQ71iCMoNWO2ijTSOFEyaazUD8yMbjcL/view",0.95,"50hr-selected"
"a_1609","3613--5745-Av 20g Sicha 4.mp3","5745","Av",20,"",14.65,"https://audio.kohnai.ai/training/3613--5745-Av%2020g%20Sicha%204.mp3","https://drive.google.com/file/d/1SJnXj17vGVXtOtuddUEZmRz24G1A-f7T/view","t_529","20 Av 5745 Sichos 4-7.docx","/api/transcript?name=20%20Av%205745%20Sichos%204-7.txt","https://drive.google.com/file/d/1KvEp2_FQN0B_7JQRZghuqxNK8Uz2SsaV/view",0.95,"50hr-selected"
"a_1607","3616--5745-Av 20j Sicha 7.mp3","5745","Av",20,"",11.02,"https://audio.kohnai.ai/training/3616--5745-Av%2020j%20Sicha%207.mp3","https://drive.google.com/file/d/19CqD3nymZhxcBO7LHc-vdPsmzC6Pfuwa/view","t_419","20 Av 5745 Sicha 2.docx","/api/transcript?name=20%20Av%205745%20Sicha%202.txt","https://drive.google.com/file/d/1ZopH9sMHR6UwyxKzqsf0y_s2GA6Izodj/view",0.95,"50hr-selected"
"a_742","3664--5746-Cheshvan 07b Sicha 2.mp3","5746","Cheshvan",7,"",25.34,"https://audio.kohnai.ai/training/3664--5746-Cheshvan%2007b%20Sicha%202.mp3","https://drive.google.com/file/d/105yV-wAmjSolHGk_O8gOmSZJYw4Rziq4/view","t_394","7 Cheshvan 5746 Sicha 4 - Partial.docx","/api/transcript?name=7%20Cheshvan%205746%20Sicha%204%20-%20Partial.txt","https://drive.google.com/file/d/1tGDYp789XCMEc09d4cPBrj6_UKxdB5gQ/view",0.95,"50hr-selected"
"a_729","3678--5746-Kislev 19d Sicha 4.mp3","5746","Kislev",19,"",20.28,"https://audio.kohnai.ai/training/3678--5746-Kislev%2019d%20Sicha%204.mp3","https://drive.google.com/file/d/1-U_-NfykMTabAMW-4sgk-Ay6V_7kOr3n/view","t_710","19 Kislev 5746 Sicha 4 - Tam Muad.doc","/api/transcript?name=19%20Kislev%205746%20Sicha%204%20-%20Tam%20Muad.txt","https://drive.google.com/file/d/16GnoqnWuSZtTsCaDPSJQx3nvZBlw2c-Y/view",0.95,"50hr-selected"
"a_717","3688--5746-Tevet 03 Sicha 1.mp3","5746","Teves",3,"",15.66,"https://audio.kohnai.ai/training/3688--5746-Tevet%2003%20Sicha%201.mp3","https://drive.google.com/file/d/1Tofl5mAU5dsjaZkJ_McHVJPYLMwYwzsy/view","t_476","3 Tevet 5746 Sichos.docx","/api/transcript?name=3%20Tevet%205746%20Sichos.txt","https://drive.google.com/file/d/18wnGNQz1MzpcEWzv6yRaszvyJpjQmDhx/view",0.95,"50hr-selected"
"a_716","3691--5746-Tevet 03d Mamar kein Sicha.mp3","5746","Teves",3,"",7.1,"https://audio.kohnai.ai/training/3691--5746-Tevet%2003d%20Mamar%20kein%20Sicha.mp3","https://drive.google.com/file/d/1KETCdWkwCFl1jdj2LPCfyFQmzmmG8Ykn/view","t_476","3 Tevet 5746 Sichos.docx","/api/transcript?name=3%20Tevet%205746%20Sichos.txt","https://drive.google.com/file/d/18wnGNQz1MzpcEWzv6yRaszvyJpjQmDhx/view",0.95,"50hr-selected"
"a_705","3702--5746-Shvat 10c Mincha.mp3","5746","Shevat",10,"",9.11,"https://audio.kohnai.ai/training/3702--5746-Shvat%2010c%20Mincha.mp3","https://drive.google.com/file/d/1-aCAw6JEYU-tlmQ-98TpH-JMwOITQFE-/view","t_330","175 10 Shevat 5746 Sicha 1 part B.doc","/api/transcript?name=175%2010%20Shevat%205746%20Sicha%201%20part%20B.txt","https://drive.google.com/file/d/1iJMWLSkpTCj8r0DLL37FLnRcSZ7YPi_a/view",0.95,"50hr-selected"
"a_699","3708--5746-Shvat 10i Sicha 5.mp3","5746","Shevat",10,"",11.97,"https://audio.kohnai.ai/training/3708--5746-Shvat%2010i%20Sicha%205.mp3","https://drive.google.com/file/d/1IhPSJ8l9EnPUubw4sh8G3f_y9yXPaHeL/view","t_330","175 10 Shevat 5746 Sicha 1 part B.doc","/api/transcript?name=175%2010%20Shevat%205746%20Sicha%201%20part%20B.txt","https://drive.google.com/file/d/1iJMWLSkpTCj8r0DLL37FLnRcSZ7YPi_a/view",0.95,"50hr-selected"
"a_693","3714--5746-Adar 14b Sicha 2.mp3","5746","Adar",14,"",13.93,"https://audio.kohnai.ai/training/3714--5746-Adar%2014b%20Sicha%202.mp3","https://drive.google.com/file/d/15YhRYWfBWL6K342q61J_2gPXuEah_SS0/view","t_463","14 Adar 5746 Sicha 2, 4, 5, 6, 7.docx","/api/transcript?name=14%20Adar%205746%20Sicha%202%2C%204%2C%205%2C%206%2C%207.txt","https://drive.google.com/file/d/1-DBgClNu-4fijknWP5d3Lr0ZHgZzq3KC/view",0.95,"50hr-selected"
"a_692","3716--5746-Adar 14d Sicha 4.mp3","5746","Adar",14,"",14.05,"https://audio.kohnai.ai/training/3716--5746-Adar%2014d%20Sicha%204.mp3","https://drive.google.com/file/d/14u4P-c7XpejIvVIIWlZsKkTcP_Kip6I8/view","t_463","14 Adar 5746 Sicha 2, 4, 5, 6, 7.docx","/api/transcript?name=14%20Adar%205746%20Sicha%202%2C%204%2C%205%2C%206%2C%207.txt","https://drive.google.com/file/d/1-DBgClNu-4fijknWP5d3Lr0ZHgZzq3KC/view",0.95,"50hr-selected"
"a_662","3745--5746-Nissan 26 Yechidus Orchim.mp3","5746","Nissan",26,"",39.33,"https://audio.kohnai.ai/training/3745--5746-Nissan%2026%20Yechidus%20Orchim.mp3","https://drive.google.com/file/d/1CQGODEMZysUjotI_e5CV-uH5CTpN94wA/view","t_512","26 Nissan 5746 Yeshidos.docx","/api/transcript?name=26%20Nissan%205746%20Yeshidos.txt","https://drive.google.com/file/d/1kUAOXHGnS5G8gw_8b2op7KylGbraBnTU/view",0.95,"50hr-selected"
"a_639","3770--5746-Tamuz 15 Sicha 1.mp3","5746","Tamuz",15,"",33.61,"https://audio.kohnai.ai/training/3770--5746-Tamuz%2015%20Sicha%201.mp3","https://drive.google.com/file/d/1RQkncEdSIuFkF5G3i7lBX4oqyenVZH_N/view","t_657","15 Tammuz 5746 - Yechidus.doc","/api/transcript?name=15%20Tammuz%205746%20-%20Yechidus.txt","https://drive.google.com/file/d/1nBVKwTAaxDfd-tzl9O8rfObvPgSNK7ZD/view",0.95,"50hr-selected"
"a_619","3787--5746-Av 20g Sicha 4.mp3","5746","Av",20,"",15.25,"https://audio.kohnai.ai/training/3787--5746-Av%2020g%20Sicha%204.mp3","https://drive.google.com/file/d/1BDcyqIADRheGqR3dexyFMzUvfb6Qlulj/view","t_329","207 Sicha - 20 Av 5746.doc","/api/transcript?name=207%20Sicha%20-%2020%20Av%205746.txt","https://drive.google.com/file/d/1IyH1nJFl_z6jZBlZk8E-nChRRNiYoSXx/view",0.95,"50hr-selected"
"a_620","3788--5746-Av 20h Sicha 5.mp3","5746","Av",20,"",12.79,"https://audio.kohnai.ai/training/3788--5746-Av%2020h%20Sicha%205.mp3","https://drive.google.com/file/d/1Bh7GIbFqgaxo30b0MEHF7Ofd0aIolXaT/view","t_329","207 Sicha - 20 Av 5746.doc","/api/transcript?name=207%20Sicha%20-%2020%20Av%205746.txt","https://drive.google.com/file/d/1IyH1nJFl_z6jZBlZk8E-nChRRNiYoSXx/view",0.95,"50hr-selected"
"a_611","3798--5746-Elul 18c Sicha 3.mp3","5746","Elul",18,"",24.67,"https://audio.kohnai.ai/training/3798--5746-Elul%2018c%20Sicha%203.mp3","https://drive.google.com/file/d/1-u8Fbz2hw9zVjc3n6w1jbWSHd6zj3zVy/view","t_605","18 Elul 5746 Sicha 1.doc","/api/transcript?name=18%20Elul%205746%20Sicha%201.txt","https://drive.google.com/file/d/14G248dxHGpI4ex8OdpKvSeOdkmqHFK6u/view",0.95,"50hr-selected"
"a_243","3844--5747-Kislev 19e Mamar kein Sicha.mp3","5747","Kislev",19,"",12.53,"https://audio.kohnai.ai/training/3844--5747-Kislev%2019e%20Mamar%20kein%20Sicha.mp3","https://drive.google.com/file/d/1CKAh3ObtEccdecLDXhhRxUtoGYorVsxz/view","t_714","19 Kislev 5747 Sicha 3.doc","/api/transcript?name=19%20Kislev%205747%20Sicha%203.txt","https://drive.google.com/file/d/1HSEpXLPnf1O8c1XkPb3QyTH6f7wE-jDR/view",0.95,"50hr-selected"
"a_235","3854--5747-Tevet 05 Sicha.mp3","5747","Teves",5,"",19.52,"https://audio.kohnai.ai/training/3854--5747-Tevet%2005%20Sicha.mp3","https://drive.google.com/file/d/1FOYfZfkZJP2Juth86ao8rv82MpQoNhmz/view","t_509","5 Teves 5747.doc","/api/transcript?name=5%20Teves%205747.txt","https://drive.google.com/file/d/1_PLlJd2D5KWfKRB6l-YRxnEYlqG1BWqy/view",0.95,"50hr-selected"
"a_224","3863--5747-Shvat 10c Mincha.mp3","5747","Shevat",10,"",9.3,"https://audio.kohnai.ai/training/3863--5747-Shvat%2010c%20Mincha.mp3","https://drive.google.com/file/d/1E5RAzElSXs_G2tW-arDgc1c7wpNUGQLb/view","t_271","5-10-47.DOC","/api/transcript?name=5-10-47.txt","https://drive.google.com/file/d/1gBzP9Rk2wp9y7QKkxgOLwyabV5uNmcZ5/view",0.95,"50hr-selected"
"a_197","3887--5747-Nissan 13c Sicha 2.mp3","5747","Nissan",13,"",49.32,"https://audio.kohnai.ai/training/3887--5747-Nissan%2013c%20Sicha%202.mp3","https://drive.google.com/file/d/1GTUNgR6Gcxl2pv_fz3qXIIA34qEP38eK/view","t_518","13 Nissan 5747.docx","/api/transcript?name=13%20Nissan%205747.txt","https://drive.google.com/file/d/1Y40byYr2N8u2ehTq-C4o-XbrWYTDXQ16/view",0.95,"50hr-selected"
"a_196","3893--5747-Iyar 14b Sicha 2.mp3","5747","Iyar",14,"",33.36,"https://audio.kohnai.ai/training/3893--5747-Iyar%2014b%20Sicha%202.mp3","https://drive.google.com/file/d/1ryv-7ULM1HJCLojtvcXeA88u6yXNx65I/view","t_700","14 Iyar 5747 Sicha 2 - Ktoim.doc","/api/transcript?name=14%20Iyar%205747%20Sicha%202%20-%20Ktoim.txt","https://drive.google.com/file/d/1hHLBAY2nb0JkKWxsx006o5ILbXnBwZNz/view",0.95,"50hr-selected"
"a_186","3902--5747-Sivan 04c Mamar kein Sicha.mp3","5747","Sivan",4,"",8.72,"https://audio.kohnai.ai/training/3902--5747-Sivan%2004c%20Mamar%20kein%20Sicha.mp3","https://drive.google.com/file/d/19Cn8ZS7tmk5m1wC9x2qRgx_NsvsT6EUY/view","t_393","4 Sivan 5747 Sicha 2.docx","/api/transcript?name=4%20Sivan%205747%20Sicha%202.txt","https://drive.google.com/file/d/1iriFGC0vWhEUyvn6Mk48883UXKTgLDfy/view",0.95,"50hr-selected"
"a_166","3917--5747-Tamuz 15 Sicha 1.mp3","5747","Tamuz",15,"",41.28,"https://audio.kohnai.ai/training/3917--5747-Tamuz%2015%20Sicha%201.mp3","https://drive.google.com/file/d/1Is09vmXvQYK-z-yFf0J19Em086GAk631/view","t_732","15 Tammuz 5747 - End.doc","/api/transcript?name=15%20Tammuz%205747%20-%20End.txt","https://drive.google.com/file/d/1rOaAbl8_PZbjebmkWRDlG9BiIHnf2eED/view",0.95,"50hr-selected"
"a_156","3932--5747-Av 30c Sicha 3.mp3","5747","Av",30,"",10.47,"https://audio.kohnai.ai/training/3932--5747-Av%2030c%20Sicha%203.mp3","https://drive.google.com/file/d/1S3CrSZc_fuTFDOomNxHMkdbWSzgDC-Jb/view","t_274","11-30-47.DOC","/api/transcript?name=11-30-47.txt","https://drive.google.com/file/d/1a1UYVRi5XmPgxjbLZ3_Ve4T1qzNE64i1/view",0.95,"50hr-selected"
"a_154","3933--5747-Av 30d Sicha 4.mp3","5747","Av",30,"",14.27,"https://audio.kohnai.ai/training/3933--5747-Av%2030d%20Sicha%204.mp3","https://drive.google.com/file/d/1GLTmWLFIeyjzCQGkxstCpGWs24BivY53/view","t_274","11-30-47.DOC","/api/transcript?name=11-30-47.txt","https://drive.google.com/file/d/1a1UYVRi5XmPgxjbLZ3_Ve4T1qzNE64i1/view",0.95,"50hr-selected"
"a_148","3938--5747-Elul 01d Sicha 3 Rally.mp3","5747","Elul",1,"",11.03,"https://audio.kohnai.ai/training/3938--5747-Elul%2001d%20Sicha%203%20Rally.mp3","https://drive.google.com/file/d/15B9Tcir1wpTzWXdIjLGYZ8zCm8X4weoa/view","t_273","12-1-47.DOC","/api/transcript?name=12-1-47.txt","https://drive.google.com/file/d/18M17AsHgYwU5pndViHh3jTaN5Ve7swz7/view",0.95,"50hr-selected"
"a_899","3983--5748-Kislev 01 Sicha.mp3","5748","Kislev",1,"",22.61,"https://audio.kohnai.ai/training/3983--5748-Kislev%2001%20Sicha.mp3","https://drive.google.com/file/d/1xUtRboulLcCb_y7jGDstZiOXB7ChXJ16/view","t_51","3-1-48.DOC","/api/transcript?name=3-1-48.txt","https://drive.google.com/file/d/161UdL92wUlWy6XR2_JBkVoyy-d-QFn6c/view",0.95,"50hr-selected"
"a_872","4004--5748-Tevet 01 Rally 12 Psukim.mp3","5748","Teves",1,"",11.75,"https://audio.kohnai.ai/training/4004--5748-Tevet%2001%20Rally%2012%20Psukim.mp3","https://drive.google.com/file/d/1-v4qeOrPG7zJgE5-GZB8u5xBynHXj3PY/view","t_357","1 Teves 5748.DOC","/api/transcript?name=1%20Teves%205748.txt","https://drive.google.com/file/d/1bOLknw4N2VwJMuQ8UL2yJ8loLBzusnkN/view",0.95,"50hr-selected"
"a_871","4006--5748-Tevet 01c Sicha 2 Rally.mp3","5748","Teves",1,"",9.48,"https://audio.kohnai.ai/training/4006--5748-Tevet%2001c%20Sicha%202%20Rally.mp3","https://drive.google.com/file/d/1-s5P1VfzCqmm_1Ujcr99Roz7ofwFAYg5/view","t_57","4-1-48.DOC","/api/transcript?name=4-1-48.txt","https://drive.google.com/file/d/1HxQDByMTiZASg_6fuc2RqtzPnbsY-hXC/view",0.95,"50hr-selected"
"a_861","4016--5748-Shvat 15d Sicha 4.mp3","5748","Shevat",15,"",11.04,"https://audio.kohnai.ai/training/4016--5748-Shvat%2015d%20Sicha%204.mp3","https://drive.google.com/file/d/16ovQv_OjmIFyxjD-ZGpQpg1drxrqFzM9/view","t_47","5-15-48.DOC","/api/transcript?name=5-15-48.txt","https://drive.google.com/file/d/1xfmyrS0dlurKP-YBSaMYi_sZXADz-zge/view",0.95,"50hr-selected"
"a_860","4018--5748-Shvat 15f Sicha 6.mp3","5748","Shevat",15,"",8.97,"https://audio.kohnai.ai/training/4018--5748-Shvat%2015f%20Sicha%206.mp3","https://drive.google.com/file/d/13WsYpjk5VB2rgas_d0o8tR98w-LmDAHC/view","t_47","5-15-48.DOC","/api/transcript?name=5-15-48.txt","https://drive.google.com/file/d/1xfmyrS0dlurKP-YBSaMYi_sZXADz-zge/view",0.95,"50hr-selected"
"a_830","4050--5748-Adar 07 Sicha.mp3","5748","Adar",7,"",22.67,"https://audio.kohnai.ai/training/4050--5748-Adar%2007%20Sicha.mp3","https://drive.google.com/file/d/1Xo2nQmt9oTOXoeFJ6MkOoUgCHx64oMcF/view","t_17","6-7-48.DOC","/api/transcript?name=6-7-48.txt","https://drive.google.com/file/d/1n9FMOA-sUGTbj3mZns8BlyaXTdCmljsk/view",0.95,"50hr-selected"
"a_828","4058--5748-Nissan 03 Sicha.mp3","5748","Nissan",3,"",17.22,"https://audio.kohnai.ai/training/4058--5748-Nissan%2003%20Sicha.mp3","https://drive.google.com/file/d/1sHT70neBHB6pI1AGEHHpDZq0Q9XbHX3-/view","t_13","7-3-48 - MIDF.docx","/api/transcript?name=7-3-48%20-%20MIDF.txt","https://drive.google.com/file/d/1en8OzXOKwPGwDT9s84k6crAnvro6SlNY/view",0.95,"50hr-selected"
"a_800","4081--5748-Iyar 01 Sicha.mp3","5748","Iyar",1,"",14.95,"https://audio.kohnai.ai/training/4081--5748-Iyar%2001%20Sicha.mp3","https://drive.google.com/file/d/1Ci2mdJNKMAFrNOYIT9UvP3FtVQ2D7VFd/view","t_36","8-1-48.DOC","/api/transcript?name=8-1-48.txt","https://drive.google.com/file/d/1DP1DCG0vmDQ93cDoW7bqEvrvy1YC5uMK/view",0.95,"50hr-selected"
"a_791","4090--5748-Sivan 01 Sicha.mp3","5748","Sivan",1,"",14.2,"https://audio.kohnai.ai/training/4090--5748-Sivan%2001%20Sicha.mp3","https://drive.google.com/file/d/1f3guD9h7hmqXOa27zMSr51ypcDyATR3u/view","t_16","9-1-48.DOC","/api/transcript?name=9-1-48.txt","https://drive.google.com/file/d/1LFopyykKzv5CNK7a61RDMg-_wQI6OZDo/view",0.95,"50hr-selected"
"a_782","4100--5748-Tamuz 12 Sicha.mp3","5748","Tamuz",12,"",10.57,"https://audio.kohnai.ai/training/4100--5748-Tamuz%2012%20Sicha.mp3","https://drive.google.com/file/d/1UwZQjmWM5EANp5DV3BLikHSSETSN1hks/view","t_82","10-12-48.DOC","/api/transcript?name=10-12-48.txt","https://drive.google.com/file/d/1dmCdp_6b5LRK5pcKOCq6tukolKIz_U72/view",0.95,"50hr-selected"
"a_786","4101--5748-Tamuz 13 Sicha.mp3","5748","Tamuz",13,"",11.73,"https://audio.kohnai.ai/training/4101--5748-Tamuz%2013%20Sicha.mp3","https://drive.google.com/file/d/1zAt_uV7FyNKyMH3eStsEW1Gg_RxwKH2C/view","t_75","10-13-48.DOC","/api/transcript?name=10-13-48.txt","https://drive.google.com/file/d/150femfq9JS01xev-bxnesabB7MxT3ves/view",0.95,"50hr-selected"
"a_772","4109--5748-Av 04 Sicha.mp3","5748","Av",4,"",17.34,"https://audio.kohnai.ai/training/4109--5748-Av%2004%20Sicha.mp3","https://drive.google.com/file/d/1fCaJva1jy6nEkpRK-tLYIx8mdxkIITP-/view","t_49","11-4-48.DOC","/api/transcript?name=11-4-48.txt","https://drive.google.com/file/d/141z9SJwQH794fHT6EFWGGHBCFGNCKkpG/view",0.95,"50hr-selected"
"a_769","4114--5748-Elul 03 Sicha.mp3","5748","Elul",3,"",9.01,"https://audio.kohnai.ai/training/4114--5748-Elul%2003%20Sicha.mp3","https://drive.google.com/file/d/1IVh_6ysNLO7Mpdvxlg0ui0i17uEJ2WM9/view","t_52","12-3-48.DOC","/api/transcript?name=12-3-48.txt","https://drive.google.com/file/d/1DiubPxMJErzTB195_ASkCkEFBD-Fxv2w/view",0.95,"50hr-selected"
"a_761","4116--5748-Elul 11b 12 Psukim.mp3","5748","Elul",11,"",8.02,"https://audio.kohnai.ai/training/4116--5748-Elul%2011b%2012%20Psukim.mp3","https://drive.google.com/file/d/16-DNL2K3bDrhab3UQZNL3HqGs-HaSQ-1/view","t_67","12-11-48.DOC","/api/transcript?name=12-11-48.txt","https://drive.google.com/file/d/1k5kYpTT275cr39AbGHqaKsv67LqKEHOH/view",0.95,"50hr-selected"
"a_544","4156--5749-Cheshvan 20 Sicha.mp3","5749","Cheshvan",20,"",25.96,"https://audio.kohnai.ai/training/4156--5749-Cheshvan%2020%20Sicha.mp3","https://drive.google.com/file/d/1lQX3TWgumPejwfRGqjbXO_aaqbd4Dxyl/view","t_236","2-20-49.DOC","/api/transcript?name=2-20-49.txt","https://drive.google.com/file/d/1cJ1ZN7ZbkQ-sftzs_g__lCwbTivaSoXN/view",0.95,"50hr-selected"
"a_545","4159--5749-Kislev 01 Sicha.mp3","5749","Kislev",1,"",9.77,"https://audio.kohnai.ai/training/4159--5749-Kislev%2001%20Sicha.mp3","https://drive.google.com/file/d/1rcIzrkawUTStNT6CCuajmcBuhZCJysJZ/view","t_243","3-1-49.DOC","/api/transcript?name=3-1-49.txt","https://drive.google.com/file/d/1m9sboPDGehLNvefcd4tqE6vT8e_BoyZT/view",0.95,"50hr-selected"
"a_524","4178--5749-Tevet 03 Sicha before dollars.mp3","5749","Teves",3,"",7.51,"https://audio.kohnai.ai/training/4178--5749-Tevet%2003%20Sicha%20before%20dollars.mp3","https://drive.google.com/file/d/11l_7O79j3GxDJb79JX7iaxhif0xt0O2Q/view","t_205","4-3-49.DOC","/api/transcript?name=4-3-49.txt","https://drive.google.com/file/d/1hr1WiGvHfHO5VoSiogyk64ezqCGqbK-K/view",0.95,"50hr-selected"
"a_518","4180--5749-Tevet 03c Sicha after Mincha.mp3","5749","Teves",3,"",8.83,"https://audio.kohnai.ai/training/4180--5749-Tevet%2003c%20Sicha%20after%20Mincha.mp3","https://drive.google.com/file/d/1-iqj3tJasep4CazGSONvVuot4HKXMIFX/view","t_205","4-3-49.DOC","/api/transcript?name=4-3-49.txt","https://drive.google.com/file/d/1hr1WiGvHfHO5VoSiogyk64ezqCGqbK-K/view",0.95,"50hr-selected"
"a_507","4193--5749-Shvat 10d Mincha.mp3","5749","Shevat",10,"",9.24,"https://audio.kohnai.ai/training/4193--5749-Shvat%2010d%20Mincha.mp3","https://drive.google.com/file/d/1XSwtTOE7uCvGxNTRxHjHNoj1EInIbDyp/view","t_213","5-10-49.DOC","/api/transcript?name=5-10-49.txt","https://drive.google.com/file/d/1z8Ta1GZtz08LdjMkfnFoguvkXgXv7osk/view",0.95,"50hr-selected"
"a_495","4207--5749-AdarB 20 Sicha to gvirim.mp3","5749","Adar II",20,"",20.02,"https://audio.kohnai.ai/training/4207--5749-AdarB%2020%20Sicha%20to%20gvirim.mp3","https://drive.google.com/file/d/1CPPldHOOjQfTGONLLJ2FUtvPMBxqT4xM/view","t_687","20 Adar II 5749.doc","/api/transcript?name=20%20Adar%20II%205749.txt","https://drive.google.com/file/d/1o3W7pqjAJoNhmUmjULktQcSFm2C_U-xX/view",0.95,"50hr-selected"
"a_484","4216--5749-Nissan 19c Sicha 2 Rally.mp3","5749","Nissan",19,"",13.22,"https://audio.kohnai.ai/training/4216--5749-Nissan%2019c%20Sicha%202%20Rally.mp3","https://drive.google.com/file/d/1GKtcHcWbcOplNgkYmRFKaFeHrlnz_ATh/view","t_203","7-19-49.DOC","/api/transcript?name=7-19-49.txt","https://drive.google.com/file/d/1cbZh2qblFtV58P1hQYTO76lomgEtk4qS/view",0.95,"50hr-selected"
"a_485","4221--5749-Iyar 02 Sicha.mp3","5749","Iyar",2,"",13.89,"https://audio.kohnai.ai/training/4221--5749-Iyar%2002%20Sicha.mp3","https://drive.google.com/file/d/1Od-jMVwwyQErWpBEArDXp7hDmKFE9201/view","t_190","8-2-49.DOC","/api/transcript?name=8-2-49.txt","https://drive.google.com/file/d/1SWDLWoXNfVXpozLAlnP87k1_JUP51S7w/view",0.95,"50hr-selected"
"a_477","4226--5749-Sivan 01 Sicha.mp3","5749","Sivan",1,"",10.68,"https://audio.kohnai.ai/training/4226--5749-Sivan%2001%20Sicha.mp3","https://drive.google.com/file/d/1HpWqLKMyYg13cZSrbK33p_lZyV-uU4Fq/view","t_193","9-1-49.DOC","/api/transcript?name=9-1-49.txt","https://drive.google.com/file/d/1tJuwG3sRuMcSkCNEUeXM-mrAoDZCU7n9/view",0.95,"50hr-selected"
"a_464","4243--5749-Tamuz 17b Sicha.mp3","5749","Tamuz",17,"",14.27,"https://audio.kohnai.ai/training/4243--5749-Tamuz%2017b%20Sicha.mp3","https://drive.google.com/file/d/1icEclucyiaybCDCNvA4zea7wR6tdq_Rq/view","t_252","10-17-49.DOC","/api/transcript?name=10-17-49.txt","https://drive.google.com/file/d/13VhmcnkTqaO_6fdjlN5v3uQFL7xkT5xx/view",0.95,"50hr-selected"
"a_455","4245--5749-Av 01 Sicha.mp3","5749","Av",1,"",22.55,"https://audio.kohnai.ai/training/4245--5749-Av%2001%20Sicha.mp3","https://drive.google.com/file/d/19QKigZywihrRKu0SzgUHWjOwTF0C0vTM/view","t_259","11-1-49.DOC","/api/transcript?name=11-1-49.txt","https://drive.google.com/file/d/1LEJdHlkLQEOc4_urDTaVmiBQESc8QH4I/view",0.95,"50hr-selected"
"a_434","4272--5749-Elul 03 Sicha.mp3","5749","Elul",3,"",11.36,"https://audio.kohnai.ai/training/4272--5749-Elul%2003%20Sicha.mp3","https://drive.google.com/file/d/1YxCLwZzgK6IHs9TykmIFYcpJNZh7w6gl/view","t_229","12-3-49.DOC","/api/transcript?name=12-3-49.txt","https://drive.google.com/file/d/1T-nA3Gmu7shvXef-sfO0ALpJu6mbvf5v/view",0.95,"50hr-selected"
"a_325","4322--5750-Cheshvan 28 Sicha.mp3","5750","Cheshvan",28,"",17.15,"https://audio.kohnai.ai/training/4322--5750-Cheshvan%2028%20Sicha.mp3","https://drive.google.com/file/d/16_JiiSEQPfWS7mdd7LG-ejTnKfW9QQJT/view","t_162","2-28-50.DOC","/api/transcript?name=2-28-50.txt","https://drive.google.com/file/d/1yfTb4A9zCVR8zHg5ys4vFQspe46xaJDP/view",0.95,"50hr-selected"
"a_329","4324--5750-Kislev 06 Sicha.mp3","5750","Kislev",6,"",10.86,"https://audio.kohnai.ai/training/4324--5750-Kislev%2006%20Sicha.mp3","https://drive.google.com/file/d/1nLqYhDBed8kituh7HkjDEjtXMWi_Nbix/view","t_135","3-6-50.DOC","/api/transcript?name=3-6-50.txt","https://drive.google.com/file/d/1p7jv5eKRwYTNoDUpG10i_yMhqmjjKRq6/view",0.95,"50hr-selected"
"a_315","4338--5750-Tevet 10b Sicha.mp3","5750","Teves",10,"",13.86,"https://audio.kohnai.ai/training/4338--5750-Tevet%2010b%20Sicha.mp3","https://drive.google.com/file/d/1SOkCRLvmiwPhn10KsDw_rbC81QdAgLwa/view","t_148","4-10-50.DOC","/api/transcript?name=4-10-50.txt","https://drive.google.com/file/d/1eGeKIysa4qmUY6Ni96AmoWFUsOsEuvmC/view",0.95,"50hr-selected"
"a_306","4350--5750-Shvat 10d Mincha.mp3","5750","Shevat",10,"",10.59,"https://audio.kohnai.ai/training/4350--5750-Shvat%2010d%20Mincha.mp3","https://drive.google.com/file/d/1uAxudCpz0v7z9KUAW0-ADi8BTtZwFnYw/view","t_143","5-10-50.DOC","/api/transcript?name=5-10-50.txt","https://drive.google.com/file/d/1JyIH7wID4zjeqQrPNYM7669BK3Lj6GTU/view",0.95,"50hr-selected"
"a_294","4356--5750-Adar 09 Sicha.mp3","5750","Adar",9,"",12.65,"https://audio.kohnai.ai/training/4356--5750-Adar%2009%20Sicha.mp3","https://drive.google.com/file/d/192-NNRk9twqiu61Gq3uzBbVaUsZyjblN/view","t_302","9 Adar 5750.DOC","/api/transcript?name=9%20Adar%205750.txt","https://drive.google.com/file/d/1-7eN96y90cL_0NAtFHLO3jAS3IJ3aw-Z/view",0.95,"50hr-selected"
"a_281","4368--5750-Nissan 14 Sicha after Mincha.mp3","5750","Nissan",14,"",22.47,"https://audio.kohnai.ai/training/4368--5750-Nissan%2014%20Sicha%20after%20Mincha.mp3","https://drive.google.com/file/d/1BO1jkAQretwpGmqSekdtpmF_i36zF_qj/view","t_144","7-14-50.DOC","/api/transcript?name=7-14-50.txt","https://drive.google.com/file/d/1PeQlLtvj6uIhSLXF0guCOPqRjHhDiFKL/view",0.95,"50hr-selected"
"a_278","4373--5750-Iyar 18 Parade 12 Psukim.mp3","5750","Iyar",18,"",8.07,"https://audio.kohnai.ai/training/4373--5750-Iyar%2018%20Parade%2012%20Psukim.mp3","https://drive.google.com/file/d/1bTp7es85UwA0qiPzCb8IRQyHsLg05QhV/view","t_318","18 Iyar 5750.doc","/api/transcript?name=18%20Iyar%205750.txt","https://drive.google.com/file/d/1Gz15cBEvttBI61w4oWGaDzm5vS8D3UIG/view",0.95,"50hr-selected"
"a_277","4375--5750-Iyar 18c Sicha 2 Parade.mp3","5750","Iyar",18,"",10,"https://audio.kohnai.ai/training/4375--5750-Iyar%2018c%20Sicha%202%20Parade.mp3","https://drive.google.com/file/d/1OzYBuwk_QJcI4Iwmq3pvErZ5F8SBA38R/view","t_138","8-18-50.DOC","/api/transcript?name=8-18-50.txt","https://drive.google.com/file/d/1lcuOTroWVSSXqom9tm7si8A4vacLhTdB/view",0.95,"50hr-selected"
"a_268","4380--5750-Sivan 11 Yechidus Orchim.mp3","5750","Sivan",11,"",19.72,"https://audio.kohnai.ai/training/4380--5750-Sivan%2011%20Yechidus%20Orchim.mp3","https://drive.google.com/file/d/1c6t9K_-Piuafhbyr9JE_BntFsDziihAD/view","t_6","11 Sivan 5750.DOC","/api/transcript?name=11%20Sivan%205750.txt","https://drive.google.com/file/d/13uZRa2hfZrjEWALhtW0MR-HEbkKAGOx2/view",0.95,"50hr-selected"
"a_407","4431--5751-Tevet 01b Sicha 2 Chanukah Live.mp3","5751","Teves",1,"",10.74,"https://audio.kohnai.ai/training/4431--5751-Tevet%2001b%20Sicha%202%20Chanukah%20Live.mp3","https://drive.google.com/file/d/1cCDRnif-pUfmKZKxs8y_iQzq5KT9Ju_P/view","t_108","4-1-51.DOC","/api/transcript?name=4-1-51.txt","https://drive.google.com/file/d/104c7BAV1Tw-2_1ncbPfVoS7nRR0WoFWL/view",0.95,"50hr-selected"
"a_408","4432--5751-Tevet 01c Sicha 3 Chanukah Live.mp3","5751","Teves",1,"",8.55,"https://audio.kohnai.ai/training/4432--5751-Tevet%2001c%20Sicha%203%20Chanukah%20Live.mp3","https://drive.google.com/file/d/1tWrDzvY_1n3TU0OqfKQCRs4-E32nsDaZ/view","t_108","4-1-51.DOC","/api/transcript?name=4-1-51.txt","https://drive.google.com/file/d/104c7BAV1Tw-2_1ncbPfVoS7nRR0WoFWL/view",0.95,"50hr-selected"
"a_393","4443--5751-Shvat 26 Sicha Kinus Hashluchos.mp3","5751","Shevat",26,"",14.57,"https://audio.kohnai.ai/training/4443--5751-Shvat%2026%20Sicha%20Kinus%20Hashluchos.mp3","https://drive.google.com/file/d/1X456QSOEDwdfbI15lpOSeHUn3heK8Rvf/view","t_105","5-26-51.DOC","/api/transcript?name=5-26-51.txt","https://drive.google.com/file/d/1lwvB7NPtK87Ti2-tdylvm83CCOfU6duh/view",0.95,"50hr-selected"
"a_395","4445--5751-Adar 13b Sicha.mp3","5751","Adar",13,"",14.21,"https://audio.kohnai.ai/training/4445--5751-Adar%2013b%20Sicha.mp3","https://drive.google.com/file/d/1c2MRzxNI8aHjyqDTmqBOEVbhgJ36QjdB/view","t_106","6-13-51.DOC","/api/transcript?name=6-13-51.txt","https://drive.google.com/file/d/1pPUJKJrs2jWDi4w0oLnt2EHRVDmPVa41/view",0.95,"50hr-selected"
"a_388","4452--5751-Nissan 12 Sicha.mp3","5751","Nissan",12,"",29.96,"https://audio.kohnai.ai/training/4452--5751-Nissan%2012%20Sicha.mp3","https://drive.google.com/file/d/1dLidOqSg52CEF3xiwpa8A85oewsbOB6M/view","t_97","7-12-51.DOC","/api/transcript?name=7-12-51.txt","https://drive.google.com/file/d/17Pv7DrpQXt7e1p4OlNM5YOP868njngsp/view",0.95,"50hr-selected"
"a_377","4463--5751-Iyar 01 Sicha.mp3","5751","Iyar",1,"",11.21,"https://audio.kohnai.ai/training/4463--5751-Iyar%2001%20Sicha.mp3","https://drive.google.com/file/d/1zSGu1sO1hl6945V8PVP2_iZsciM2S3du/view","t_99","8-1-51.DOC","/api/transcript?name=8-1-51.txt","https://drive.google.com/file/d/1FYnxPZy0tG-bPlia3RSxApJYycTOQZvR/view",0.95,"50hr-selected"
"a_376","4464--5751-Iyar 15 Sicha NEW.mp3","5751","Iyar",15,"",19.33,"https://audio.kohnai.ai/training/4464--5751-Iyar%2015%20Sicha%20NEW.mp3","https://drive.google.com/file/d/1qwuZ8tXe99Vjh1T1eVVnLsUBKSijZuk8/view","t_91","8-15-51.DOC","/api/transcript?name=8-15-51.txt","https://drive.google.com/file/d/112MRM_WsHJ_AL9eKXVmReMY-zuwQGwj_/view",0.95,"50hr-selected"
"a_367","4468--5751-Sivan 09 Yechidus Orchim.mp3","5751","Sivan",9,"",33.88,"https://audio.kohnai.ai/training/4468--5751-Sivan%2009%20Yechidus%20Orchim.mp3","https://drive.google.com/file/d/17T_pAKzSzl1A6uvizlE7GYnYNJk2_W7E/view","t_94","9-9-51.DOC","/api/transcript?name=9-9-51.txt","https://drive.google.com/file/d/1My6KgvEAJ3Dmtq8Rj_yL3Uuu_TiexnJp/view",0.95,"50hr-selected"
"a_363","4474--5751-Tamuz 01 Sicha Talmidos Hamseimos.mp3","5751","Tamuz",1,"",23.45,"https://audio.kohnai.ai/training/4474--5751-Tamuz%2001%20Sicha%20Talmidos%20Hamseimos.mp3","https://drive.google.com/file/d/1OxYyQchcKtBQjs_2lB7Ym66CohEputbB/view","t_114","10-1-51.DOC","/api/transcript?name=10-1-51.txt","https://drive.google.com/file/d/1hpfvdwvPFgI_iOsFPXZO0fbMduiMFqK7/view",0.95,"50hr-selected"
"a_345","4493--5751-Elul 10 Sicha.mp3","5751","Elul",10,"",27.69,"https://audio.kohnai.ai/training/4493--5751-Elul%2010%20Sicha.mp3","https://drive.google.com/file/d/1QPXha38iTMZWQ_vXSpZ2oOJA1JoV-eKx/view","t_286","10 Elul 5751.docx","/api/transcript?name=10%20Elul%205751.txt","https://drive.google.com/file/d/12wIWDYUS3QfgbDrBu-AuS0gpFsuigVMs/view",0.95,"50hr-selected"
"a_600","4530--5752-Cheshvan 27 Sicha.mp3","5752","Cheshvan",27,"",17.1,"https://audio.kohnai.ai/training/4530--5752-Cheshvan%2027%20Sicha.mp3","https://drive.google.com/file/d/1_mhz4cv8O5cjRRsV8wyEN9PgwgwVpS79/view","t_285","27 Cheshvan 5752.docx","/api/transcript?name=27%20Cheshvan%205752.txt","https://drive.google.com/file/d/1Tj8eTbQw3EE_2YPJw1W2uYvsv3tM-CXT/view",0.95,"50hr-selected"
"a_592","4535--5752-Kislev 24 Chanuah Live Sicha 1.mp3","5752","Kislev",24,"",19.75,"https://audio.kohnai.ai/training/4535--5752-Kislev%2024%20Chanuah%20Live%20Sicha%201.mp3","https://drive.google.com/file/d/1DvSTElJJH0Dhn0v8a8ehYs_aPUX9w0om/view","t_118","3-24-52.DOC","/api/transcript?name=3-24-52.txt","https://drive.google.com/file/d/1j0t8eeL5cmoI4ZRvNuMGQ_UAluODBjXa/view",0.95,"50hr-selected"
"a_594","4536--5752-Kislev 24b Sicha 2 Chanukah Live.mp3","5752","Kislev",24,"",11.59,"https://audio.kohnai.ai/training/4536--5752-Kislev%2024b%20Sicha%202%20Chanukah%20Live.mp3","https://drive.google.com/file/d/1Mp_QmmTqRVkcFphoPunMk97Nc1kKZ9ix/view","t_118","3-24-52.DOC","/api/transcript?name=3-24-52.txt","https://drive.google.com/file/d/1j0t8eeL5cmoI4ZRvNuMGQ_UAluODBjXa/view",0.95,"50hr-selected"
"a_586","4538--5752-Kislev 26 Sicha Tiferes Zkeinim.mp3","5752","Kislev",26,"",13.1,"https://audio.kohnai.ai/training/4538--5752-Kislev%2026%20Sicha%20Tiferes%20Zkeinim.mp3","https://drive.google.com/file/d/1L3r5D6z0wGNi0sWVVkt_XUf86PEDh05h/view","t_125","3-26-52.DOC","/api/transcript?name=3-26-52.txt","https://drive.google.com/file/d/1u9EdCPJzSnT0leWO3euSrSwh9XG_OHV7/view",0.95,"50hr-selected"
"a_588","4539--5752-Tevet 01 Sicha.mp3","5752","Teves",1,"",14.69,"https://audio.kohnai.ai/training/4539--5752-Tevet%2001%20Sicha.mp3","https://drive.google.com/file/d/1daX1A3q3DqYzCrFtUso9Mxktg7UyZ6Wd/view","t_296","1 Teves 5752.doc","/api/transcript?name=1%20Teves%205752.txt","https://drive.google.com/file/d/1WjQ6FmhLDd5yNPK9yERJklqjnWofsLz1/view",0.95,"50hr-selected"
"a_581","4545--5752-Tevet 10b Sicha.mp3","5752","Teves",10,"",12.27,"https://audio.kohnai.ai/training/4545--5752-Tevet%2010b%20Sicha.mp3","https://drive.google.com/file/d/1ct-M12J6NUbUpea1uxrjOTivGubMeVCc/view","t_122","4-10-52.DOC","/api/transcript?name=4-10-52.txt","https://drive.google.com/file/d/1FdFgsmgJQ2_YghDhEKza8jIp3b8iRvhD/view",0.95,"50hr-selected"
"a_583","4547--5752-Shvat 03 Sicha.mp3","5752","Shevat",3,"",8.9,"https://audio.kohnai.ai/training/4547--5752-Shvat%2003%20Sicha.mp3","https://drive.google.com/file/d/1uJRQmlzoZQ20GfRZU-qRVBQBraHUxq1g/view","t_290","3 Shevat 5752.doc.docx","/api/transcript?name=3%20Shevat%205752.doc.txt","https://drive.google.com/file/d/1XlF5V6vIGc3-arFaaLgHtrpDuScfbtBZ/view",0.95,"50hr-selected"
"a_565","4562--5752-Shvat 22c Mincha.mp3","5752","Shevat",22,"",10.16,"https://audio.kohnai.ai/training/4562--5752-Shvat%2022c%20Mincha.mp3","https://drive.google.com/file/d/13MaO1DGLvrGp7lQ9XJoiIx1bAnj0q-DR/view","t_119","5-22-52.docx","/api/transcript?name=5-22-52.txt","https://drive.google.com/file/d/1gbmZu3v-za-7TIAEVlR_jVIzc7gLrSUP/view",0.95,"50hr-selected"
"a_568","4563--5752-Shvat 22d Sicha.mp3","5752","Shevat",22,"",9.38,"https://audio.kohnai.ai/training/4563--5752-Shvat%2022d%20Sicha.mp3","https://drive.google.com/file/d/1FCFtR26QpzXnwJJRLis4EqOHLCQaiEgu/view","t_119","5-22-52.docx","/api/transcript?name=5-22-52.txt","https://drive.google.com/file/d/1gbmZu3v-za-7TIAEVlR_jVIzc7gLrSUP/view",0.95,"50hr-selected"